idx1,idx2,idx3,Common_growth_anaer,M1growth_anaer,M2growth_anaer,M3growth_anaer
1,2,3,0.772202525987291,0.032354946452693,0.0444982029491487,0.695349376585449
1,2,4,0.798320183278336,0.028970581648058,0.0578922166203525,0.711457385009926
1,2,5,0.98496964869791,0.129258660838987,0.57933086507968,0.276380122779243
1,2,6,0.723473780346528,0.272367902595831,0.339362907626577,0.111742970124121
1,2,7,1.11987401875666,0.324235749164347,0.0140689411031015,0.781569328489215
1,2,8,1.02942388356665,0.374769656268624,0.147266841607179,0.507387385690842
1,2,9,1.65953546123784,0.211930127364746,0.619224256304797,0.828381077568294
1,2,10,1.65193634787641,0.0330148778440568,0.260085860218388,1.35883560981396
1,2,11,1.36441638186649,0.767771110392923,0.0912624842647037,0.505382787208859
1,2,12,1.17996920761329,0.512208184846355,0.2339895611108,0.433771461656131
1,2,13,1.38901367765996,0.0903700655763887,0.31678791824645,0.981855693837118
1,2,14,0.901252285386412,0.275339260685384,0.298986002881301,0.326927021819727
1,2,15,0.741506605327391,0.204870008777897,0.258717026894655,0.277919569654838
1,2,16,0.827616014513352,0.520345509418254,0.222851059340958,0.0844194457541403
1,2,17,0.835328186849513,0.485718717701152,0.0895446839956388,0.260064785152722
1,2,18,0.896573109038857,0.268919833630055,0.295733126724318,0.331920148684485
1,2,19,3.69430147840098,0,-1.6774114382254e-13,3.69430147840115
1,2,20,0.921352970254894,0.566453684959206,0.00279146772750827,0.35210781756818
1,3,4,0.770905016395625,0.05022894224218,0,0.720676074153445
1,3,5,0.931346939131649,-2.32915456965933e-13,0.772692682054339,0.158654257077542
1,3,6,0.67287908644709,0.123848313054358,0.518610950799176,0.0304198225935561
1,3,7,1.01370302111789,0.175257493765324,0.340691723543793,0.497753803808777
1,3,8,1.11839337003228,0.191047443892304,0.5505973029687,0.376748623171273
1,3,9,1.28869724129467,0.0652613008811093,0.292594031401804,0.93084190901176
1,3,10,1.27708474087954,0.0929981121901003,0.253470845224271,0.930615783465165
1,3,11,1.27398149403398,0.300190018255172,0.553175327523834,0.420616148254976
1,3,12,1.31061136848499,0.105848172027742,0.7603625649867,0.444400631470545
1,3,13,1.08363421446001,0.220087840569556,0.282515553996966,0.581030819893491
1,3,14,0.81444385836961,0.117463474886978,0.450932309805837,0.246048073676794
1,3,15,0.836323993958318,0.144567627823418,0.558086022546699,0.133670343588202
1,3,16,0.770089928178811,0.0270904786276932,0.627421734787082,0.115577714764035
1,3,17,0.918077492329138,0.0346435673732568,0.58551876941694,0.297915155538941
1,3,18,0.82386949243771,0.0318644748468717,0.548864217613187,0.243140799977652
1,3,19,3.69430147839521,-2.2627217112532e-13,0,3.69430147839544
1,3,20,0.863410190047492,0.0670357310617288,0.522554266785888,0.273820192199875
1,4,5,1.18711465347782,0.0463367075526788,1.03009583540245,0.110682110522689
1,4,6,0.859480985000632,0.107085178828249,0.601608125206195,0.150787680966188
1,4,7,1.21533252872939,0.169147717651351,0.467449385083458,0.578735425994581
1,4,8,1.13439988116454,0.110594562204655,0.638226347468911,0.385578971490975
1,4,9,1.52325496612282,0.117975786857776,0.992375475767854,0.412903703497194
1,4,10,1.50778548029923,0.166256215499804,0.976905989943811,0.36462327485561
1,4,11,1.48618323381054,0.327106590944881,0.646139978831626,0.51293666403403
1,4,12,1.31033600590809,0.10339012109984,0.757989538128658,0.448956346679592
1,4,13,1.30468887976182,0.26880981765127,0.333231284581311,0.702647777529238
1,4,14,1.07339649949282,0.0963004921459062,0.625784081317882,0.351311926029032
1,4,15,0.855616594333711,0.0823769019807383,0.585128891570988,0.188110800781984
1,4,16,0.955167829699775,0.0269247712871948,0.815770242428299,0.112472815984281
1,4,17,0.909963793621348,0.0392105341929262,0.530574479924591,0.340178779503831
1,4,18,1.05492523327376,0.0759327383648976,0.624006642126651,0.354985852782215
1,4,19,3.6943014783943,-1.49455894894393e-13,0,3.69430147839445
1,4,20,1.09605879467779,0.0691188971309519,0.654296906890359,0.372642990656476
1,5,6,0.621701649978236,0.045586248638778,0.576115401339341,1.17207490362596e-13
1,5,7,3.02596786036068,-2.32411136350432e-13,1.80196250468943,1.22400535567149
1,5,8,1.31704961448634,0.0944442177189231,4.02367649735248e-14,1.22260539676738
1,5,9,2.44184958611872,-1.7043483332365e-13,0,2.44184958611889
1,5,10,1.23254854858473,-1.78029886886116e-13,0,1.23254854858491
1,5,11,2.75475179723173,2.19564253086951e-25,2.5626158088761,0.192135988355631
1,5,12,1.28985920354446,4.63494798241292e-14,0.933801179096875,0.35605802444754
1,5,13,1.14234473980164,0.296948200095677,1.17584783558587e-13,0.845396539705844
1,5,14,0.725724549171583,-1.3602068480976e-12,0.468669865178343,0.2570546839946
1,5,15,2.5626158088868,0.166355041742691,1.76779267015571,0.628468096988397
1,5,16,0.605019751527414,-2.53169543883812e-13,0.548817262856458,0.0562024886712087
1,5,17,0.902306050617719,9.81328013248677e-26,0.550429806147113,0.351876244470605
1,5,18,0.730739685418436,3.87295024328387e-13,0.492073374881933,0.238666310536116
1,5,19,2.70280552880371,1.75063586261092,0.494531027193951,0.45763863899884
1,5,20,2.56261580886646,0.0972908958181939,2.46532491304827,2.09882313835964e-24
1,6,7,3.83381997143316,-1.7043483332365e-13,-8.80430876186115e-28,3.83381997143333
1,6,8,0.905688379623026,0.41776445213346,7.88072813102726e-14,0.487923927489487
1,6,9,2.56261580888086,0.277575896313447,1.58858826080948e-12,2.28503991256582
1,6,10,2.56261580887511,0.0849450017204128,1.96762570616154,0.510045100993163
1,6,11,1.01954196310817,0.144750389675994,0.415816544184933,0.458975029247242
1,6,12,1.03288756167041,0.254860719562797,0.316289466577319,0.461737375530293
1,6,13,2.56261580887137,0.0166415473279907,-1.42415056400504e-11,2.54597426155762
1,6,14,0.547155374066218,0.181254616094066,0.123601274012999,0.242299483959153
1,6,15,2.26241820465264,-5.65981435372439e-14,0.530879490355442,1.73153871429726
1,6,16,0.442686134683558,0.321541700256742,0.0430059435967028,0.0781384908301135
1,6,17,0.708944683972987,0.474020473267341,0.0244118118461538,0.210512398859492
1,6,18,0.502389552388636,0.268609030174339,0.0280578473062276,0.20572267490807
1,6,19,2.70280552880178,0.29359532432814,1.9515715654748,0.45763863899884
1,6,20,0.710593275382991,0.371149805822698,3.94036406551363e-14,0.339443469560254
1,7,8,4.26930628262586,-1.56411996588975e-13,3.03001848027565,1.23928780235037
1,7,9,4.0302769187062,0,4.0302769187064,-2.02233697754952e-13
1,7,10,3.99063176694178,-1.7043483332365e-13,3.99063176694219,-2.40589552179575e-13
1,7,11,4.41449084526063,-1.59374803289492e-13,4.41449084526079,0
1,7,12,4.55376336419421,-2.72233512862875e-13,4.55376336419448,0
1,7,13,3.77525641382589,-1.58271316369267e-13,3.77525641382629,-2.40589552179575e-13
1,7,14,3.11952513569676,-2.32411136350432e-13,3.08790259294371,0.031622542753275
1,7,15,4.10911838362471,0,4.10911838362471,0
1,7,16,0.953746390070223,0.136999178676117,0.811315784174176,0.00543142721992997
1,7,17,1.44547483305115,0.420074117103257,0.651891842607997,0.373508873339896
1,7,18,3.54037936627703,-1.7043483332365e-13,3.5403793662772,0
1,7,19,3.86534448284811,0,3.86534448285147,-3.36205491257033e-12
1,7,20,3.87915401635631,-1.41454594544948e-14,3.87915401635632,0
1,8,9,2.56261580887164,0,2.18817939951173e-26,2.56261580887164
1,8,10,2.56261580889422,1.66667973451776,-1.00031058263394e-25,0.895936074376468
1,8,11,1.48144887775452,0.032067575890091,0.782213320291292,0.667167981573137
1,8,12,1.55626084087862,0.0526758049340309,0.842282330058623,0.66130270588597
1,8,13,2.56261580889237,0.0185776525173474,3.12597057073105e-27,2.54403815637502
1,8,14,1.16373059511696,0.0479313457612384,0.619227967270581,0.496571282085141
1,8,15,2.56261580889048,0.13154596179393,2.63753766905432e-26,2.43106984709655
1,8,16,0.990007673681987,0.499336224610661,0.442796093936527,0.0478753551347994
1,8,17,1.03133478936343,0.390774577582987,0.30921704117127,0.33134317060917
1,8,18,1.12554409254886,0.060473051258328,0.56261312378051,0.502457917510023
1,8,19,3.69430147839298,-1.7043483332365e-13,0,3.69430147839315
1,8,20,1.20271544325961,-6.38862351591728e-14,0.637100401584984,0.565615041674692
1,9,10,1.06120751939564,-1.33974273683755e-25,-1.89034648141097e-13,1.06120751939583
1,9,11,3.33761658848434,0,2.56261580887752,0.775000779606819
1,9,12,3.27488133179427,-1.01125522666758e-24,2.56261580887351,0.712265522920761
1,9,13,2.56261580887892,1.72707758300527,-2.40589552179575e-13,0.835538225873889
1,9,14,1.33073676349793,-3.23536388332231e-14,0.877140394630131,0.453596368867832
1,9,15,2.56261580887259,0,2.56261580887259,9.45491734495966e-29
1,9,16,1.15361797050764,-1.7043483332365e-13,1.15361797050736,4.48074051185638e-13
1,9,17,1.66205576537664,0.175083195253213,1.13496509356583,0.352007476557596
1,9,18,1.22854321491823,-1.43111582433897e-13,0.831121921349655,0.397421293568722
1,9,19,3.69430147840012,-1.60656553203932e-13,-1.89034648141095e-13,3.69430147840047
1,9,20,2.56261580887204,0,2.56261580887204,1.56996802572353e-21
1,10,11,3.32133510241071,-4.63494798241337e-14,2.56261580887721,0.758719293533554
1,10,12,3.27387808368193,0,2.56261580887979,0.71126227480214
1,10,13,2.56261580888035,2.56261580888083,-2.40589552179575e-13,-2.40589552179575e-13
1,10,14,1.33609226517027,9.25000787931292e-14,0.864133883458039,0.471958381712138
1,10,15,2.56261580887295,-1.7043483332365e-13,2.56261580887312,0
1,10,16,1.15043951186155,0,1.15043951186155,0
1,10,17,1.67528696593899,0.153381996242758,0.551681330970655,0.97022363872558
1,10,18,1.23266026723583,-6.34413775810595e-14,0.824148070579624,0.408512196656267
1,10,19,3.69430147838536,-1.8465410574083e-13,-3.45823573631207e-13,3.69430147838589
1,10,20,2.56261580888141,0.105197913137605,2.4574178957438,-2.89046968785562e-22
1,11,12,1.23098052550772,0.762260912003878,0.460182225935812,0.00853738756803462
1,11,13,3.24301153073119,-3.30783602458117e-14,0.680395721845943,2.56261580888528
1,11,14,0.898332870592641,0.549218082284438,0.349114788308203,9.91951095332305e-25
1,11,15,1.26002403576418,0.193719683020491,0.435720531770007,0.630583820973683
1,11,16,1.00997467088042,0.413685642305549,0.363909202983406,0.232379825591469
1,11,17,1.38576067617807,0.562700983752299,0.555188844906461,0.267870847519308
1,11,18,0.934526961211856,0.579748331071193,0.354778630139888,7.74668142997318e-13
1,11,19,2.84634405712871,1.61946816665407,0.769237251475813,0.457638638998828
1,11,20,0.972752690893772,0.616001859387058,0.356750831506714,-1.62630696646353e-30
1,12,13,3.27903592017663,0,0.716420111295954,2.56261580888067
1,12,14,0.963106512525145,0.610845577850127,0.0237517141119366,0.328509220563082
1,12,15,1.16710450465908,0.0531689083053155,0.405765931009035,0.708169665344724
1,12,16,1.07058963879233,0.520345509418254,0.372409823539243,0.17783430583483
1,12,17,1.21577411392637,0.500624335210399,0.492213208643161,0.222936570072809
1,12,18,0.98809666011138,0.643297304859007,0.334815130776168,0.0099842244762056
1,12,19,2.7919189767991,1.94734742035364,0.386932917446617,0.45763863899884
1,12,20,1.08275432046579,0.642455153223901,0.215678935560456,0.224620231681432
1,13,14,1.10922063334404,0.0330674542554752,0.670554752059236,0.405598427029326
1,13,15,2.56261580887559,0,2.56261580887559,0
1,13,16,0.958223788142631,0.179718333302502,0.743735092639659,0.0347703622004698
1,13,17,1.42103661564625,0.250629381527081,0.78426822619161,0.38613900792756
1,13,18,2.56261580888131,0.0477186064624015,2.51489720241891,0
1,13,19,3.69430147839476,-2.32411136350432e-13,-1.6976555590429e-13,3.69430147839517
1,13,20,2.56261580887807,0.015719922186833,2.54689588669124,-6.32289344739639e-27
1,14,15,2.56261580888706,0.0348463369435504,-9.23103553331414e-13,2.52776947194444
1,14,16,0.621183907456227,0.327868841293994,0.228242809459893,0.0650722567023396
1,14,17,0.988449537279834,0.425242539544051,0.405778771407766,0.157428226328018
1,14,18,0.577336066061288,0.359050355207357,0.218285710854951,-1.02084100852833e-12
1,14,19,2.30580362571479,1.67000015383675,0.178164832879204,0.45763863899884
1,14,20,0.677594473261287,0.423558855536308,0.134158798921367,0.119876818803611
1,15,16,2.62487907987816,-8.06733834257998e-14,2.42163241235733,0.203246667520913
1,15,17,0.868975715447401,0.414597189121954,0.150084198900699,0.304294327424747
1,15,18,2.44032752706544,0.0752230570497843,2.36510447001915,-3.49017701394419e-12
1,15,19,3.69430147839773,1.43749220690724e-26,0,3.69430147839773
1,15,20,2.56261580887624,0.0314299802322645,2.53118582864397,-2.1026791006649e-26
1,16,17,0.813846356140507,0.548715632576601,0.0666395600497464,0.198491163514159
1,16,18,0.551916326149433,0.29493984183947,0.0671600270153407,0.189816457294623
1,16,19,2.96191949015638,0.0824441505355825,2.42183670062196,0.45763863899884
1,16,20,0.727115607548811,0.294971260814637,0.184343467713006,0.247800879021169
1,17,18,0.920113021333804,0.43835287794525,0.149918289360594,0.331841854027961
1,17,19,3.69430147839969,-1.7043483332365e-13,0,3.69430147839986
1,17,20,1.24698688420836,0.465826758602811,0.291334305391579,0.489825820213967
1,18,19,2.29638900706538,1.61946816665407,0.21928220141247,0.45763863899884
1,18,20,0.694025726716258,0.453956851093181,0.0155309535661817,0.224537922056895
1,19,20,2.70280552881208,2.24516688981324,0.45763863899884,0
2,3,4,0.632817015767823,0.0552858516987153,0,0.577531164069108
2,3,5,0.790160954910283,0.0435574941563561,0.661736679333014,0.0848667814209132
2,3,6,0.777827338026749,0.0667213824599475,0.596298363559328,0.114807592007474
2,3,7,1.15294729525234,-4.04319980590733e-13,0.395631875493053,0.757315419759686
2,3,8,1.12622750230055,0.0821545086011508,0.672831514447171,0.371241479252231
2,3,9,1.66845545786839,0.165214554470784,0.00932438328781517,1.49391652010979
2,3,10,1.66457479650579,0.165097820656897,0.00945566077178483,1.4900213150771
2,3,11,1.32204629861781,-3.00238508905445e-13,0.798124942634492,0.523921355983621
2,3,12,1.22433211612614,0.0276556320518718,0.759553043408545,0.437123440665721
2,3,13,1.4747851653359,0.0050043659457741,0.0230177402887416,1.44676305910138
2,3,14,0.925911127366157,0.0432368160115219,0.547288155503612,0.335386155851023
2,3,15,0.715501096876703,0.0446447213389339,0.419118463495314,0.251737912042455
2,3,16,0.870936894273837,0.0310302627367938,0.73434928001156,0.105557351525483
2,3,17,0.839492256682604,0.0197100919307089,0.547760979605682,0.272021185146213
2,3,18,0.867378689257639,0.0529641357864565,0.469854912548934,0.344559640922248
2,3,19,1.4169699833983,0.187698072393509,0.0641449787128569,1.16512693229194
2,3,20,1.04515275886064,0.0454608782158996,0.656122777062843,0.343569103581895
2,4,5,0.896775405873479,0.0567229446882461,0.729141867994543,0.11091059319069
2,4,6,0.787727553648317,0.0636069201614945,0.609498897562417,0.114621735924405
2,4,7,1.16951386473021,2.06848872035228e-13,0.471272076917688,0.698241787812318
2,4,8,1.14746166207917,0.0137153087021283,0.749732277772698,0.38401407560434
2,4,9,1.68963639807951,1.7473877606292e-13,0.256994703156167,1.43264169492317
2,4,10,1.68594387662986,1.00508154716752e-15,0.165925700117099,1.52001817651276
2,4,11,1.33247279481434,0.0282188460845834,0.770581707361604,0.533672241368153
2,4,12,1.22490675173817,0.0318271062905823,0.753894814234549,0.439184831213043
2,4,13,1.46879491972654,0.314183426344457,0.106355444946646,1.04825604843543
2,4,14,0.963387677713895,0.057736374201777,0.558423861339092,0.347227442173026
2,4,15,0.736939701808882,0.0594473777258478,0.428862544879369,0.248629779203665
2,4,16,0.873431044516953,0.235038166012983,0.549780144398321,0.0886127341056489
2,4,17,0.840346262353793,0.0308380394207539,0.502610012878793,0.306898210054245
2,4,18,0.884417996736773,0.0563849745277594,0.475376619685694,0.35265640252332
2,4,19,1.4391329493184,0.0763098867926653,0.149340306319932,1.2134827562058
2,4,20,1.07334732939698,0.0449768108576418,0.671734499073615,0.356636019465727
2,5,6,0.906398820673518,0.525686528999931,0.380712291673587,-6.76255787311188e-26
2,5,7,3.36033916073283,0.131700725660004,1.77947520305635,1.44916323201648
2,5,8,1.33821479797488,0.174673816879423,-1.87979837536778e-13,1.16354098109564
2,5,9,2.56261580888334,2.56261580888358,0,-2.40589552179575e-13
2,5,10,1.89700912776135,1.3661296374054,-8.0118392449931e-14,0.53087949035603
2,5,11,2.5134646690737,-2.51829906891134e-13,1.70841053925164,0.805054129822313
2,5,12,1.56093301994762,0.176892013911676,0.88881097688348,0.495230029152466
2,5,13,2.56261580888396,0,4.06591843719444e-14,2.56261580888391
2,5,14,0.913789850023073,0.352233254682439,0.175628595332041,0.385928000008592
2,5,15,1.7084105392518,2.15222248301893e-12,1.55226373121903,0.156146808030617
2,5,16,0.860725921538897,0.824020413021268,7.85671461723311e-13,0.0367055085168434
2,5,17,0.877216531393186,0.50794819971427,0.0678477339686499,0.301420597710266
2,5,18,1.01783458764688,0.267381340799086,0.374491546347346,0.375961700500446
2,5,19,3.69430147840181,-2.39070141094549e-13,0,3.69430147840205
2,5,20,1.70841053925108,0.0889423725970113,1.61946816665407,-5.30839934949324e-27
2,6,7,4.33491237167958,-2.39070141094549e-13,8.92045169957813e-12,4.3349123716709
2,6,8,0.988746754337886,0.436563287333372,0,0.552183467004514
2,6,9,2.56261580887469,0,-5.61113478785181e-12,2.5626158088803
2,6,10,2.56261580887215,0.440981813972058,-1.16966715485175e-13,2.12163399490021
2,6,11,1.38091550480066,0.0898090231269214,0.608736690434359,0.682369791239377
2,6,12,1.19963575673901,0.00236992719695492,0.617585187919939,0.579680641622114
2,6,13,2.56261580887622,0.44268841776045,0,2.11992739111577
2,6,14,0.859120625531772,0.49234015829801,0.0243928073265915,0.34238765990717
2,6,15,1.70841053925543,0.524108905521866,1.94325910493956e-12,1.18430163373163
2,6,16,0.780589855259346,0.552436238416219,0.0854033199158644,0.142750296927263
2,6,17,0.808283392763286,0.454699305274129,0.0650829938054145,0.288501093683743
2,6,18,0.868416399595497,0.421104945599846,0.0776543814747602,0.36965707252089
2,6,19,3.69430147839484,0,0,3.69430147839484
2,6,20,0.929278021758815,-2.21383276994663e-13,0.550638093089161,0.378639928669876
2,7,8,4.33378449505863,-1.67741143822552e-13,3.21624012711507,1.11754436794373
2,7,9,4.51906703182194,5.01563602639655e-14,4.51906703182208,-1.89034648141132e-13
2,7,10,4.40286006525043,-9.38094544689411e-14,4.40286006525072,-1.89034648141727e-13
2,7,11,4.72711827532307,-2.39070141094549e-13,4.72711827532331,0
2,7,12,4.66209864507957,-1.67741143822552e-13,4.66209864507973,0
2,7,13,4.30515722068444,-1.67741143822552e-13,4.30515722068484,-2.40589552179575e-13
2,7,14,3.37558585015377,1.17584783558587e-13,3.36716024236537,0.00842560778827977
2,7,15,4.14281024467431,-1.40185263848251e-13,4.14281024467445,0
2,7,16,1.18183413761977,0.15721647134807,0.95314001654505,0.0714776497266532
2,7,17,1.43882459591173,0.077663165303223,0.992202529484219,0.36895890112429
2,7,18,4.08740640811604,1.17584783558587e-13,4.08740640811592,0
2,7,19,4.55493984205931,-5.01563602639655e-14,0,4.55493984205936
2,7,20,4.35359685153335,-1.67741143822552e-13,4.35359685153352,0
2,8,9,2.56261580887022,-1.71698787713829e-13,0,2.56261580887039
2,8,10,2.56261580887683,-2.72267097876569e-13,-4.68895585609657e-27,2.5626158088771
2,8,11,1.53530962191028,0.0135541592075166,0.849628316864181,0.672127145838585
2,8,12,1.60438302143001,-5.5703909713519e-14,0.931025774352292,0.673357247077774
2,8,13,2.56261580887217,0.364564031728924,-2.28586597984708e-25,2.19805177714324
2,8,14,1.26656779143333,0.264668403159505,0.536394228077053,0.465505160196776
2,8,15,1.70841053925339,0.24641275058078,0,1.46199778867261
2,8,16,1.06986645191577,0.453831053887672,0.483691102509071,0.132344295519025
2,8,17,1.06202212636428,0.382955108024513,0.186415023161039,0.492651995178724
2,8,18,1.22005409581764,0.266256780659628,0.459410736860234,0.494386578297776
2,8,19,3.69430147839089,-2.39070141094549e-13,0,3.69430147839113
2,8,20,1.27372435739599,-7.19517751623501e-15,0.799502749701867,0.474221607694134
2,9,10,1.62677386516048,0.318936415874712,1.30783744928601,-2.40589552179575e-13
2,9,11,3.36766993871069,0.351225055223856,2.21139075365171,0.805054129835121
2,9,12,3.29587539621272,4.28196581572154e-14,2.56261580888193,0.733259587330751
2,9,13,2.56261580888088,4.56873982986764e-11,2.5626158088352,0
2,9,14,1.76462507363681,0.582618323462375,0.742931037856505,0.439075712317928
2,9,15,2.5626158088797,0.781193071931709,1.78142273694799,0
2,9,16,1.75025798413568,0.126107892281476,1.61172457636393,0.012425515490271
2,9,17,1.94088343258328,0.265566423066122,1.38642512589567,0.288891883621482
2,9,18,1.72323434792518,0.673912410968516,0.614750162658974,0.434571774297689
2,9,19,3.69430147839418,-4.64838759759186e-15,-2.40589552179575e-13,3.69430147839443
2,9,20,2.56261580888537,0.831870451386779,1.7307453574986,3.01988940771171e-27
2,10,11,3.36766993871015,0.357247373152009,2.20536843572011,0.805054129838034
2,10,12,3.28646749482146,0,2.56261580887728,0.723851685944174
2,10,13,2.5626158088715,0,0.188891460717558,2.37372434815394
2,10,14,1.74453123151888,0.472485249081657,0.828611086164585,0.443434896272634
2,10,15,2.56261580887899,1.17584783558587e-13,0.530879490355689,2.03173631852318
2,10,16,1.75857075630045,0.1203335784291,1.62721195453896,0.0110252233323879
2,10,17,1.97434287271502,0.329382430461871,0.530879490355689,1.11408095189746
2,10,18,1.7210939681672,0.430381472528154,0.853633898540087,0.437078597098956
2,10,19,3.69430147840355,1.86679488913823e-15,-2.40589552179575e-13,3.69430147840379
2,10,20,2.56261580888327,-1.0540514071516e-13,2.56261580888337,-9.32253075863152e-29
2,11,12,1.33325474899138,0.760879560459282,0,0.572375188532093
2,11,13,3.36766993871855,-4.34448464477034e-13,0.805054129836554,2.56261580888243
2,11,14,1.24109795920243,0.671348835657623,0,0.569749123544808
2,11,15,1.36038833207946,0.508236256650245,0.496496071972996,0.355656003456218
2,11,16,1.46457896061902,0.592201335184493,0.562032704979767,0.310344920454755
2,11,17,1.36367275198754,0.474938305152196,0.531328347550537,0.357406099284809
2,11,18,1.21874836934198,0.655836691630344,0.13867425861371,0.424237419097924
2,11,19,4.20686580212769,-2.39070141094549e-13,0.512564323724657,3.69430147840327
2,11,20,1.41551109079373,0.884696939446531,0.530814151347196,-3.01988940771171e-27
2,12,13,3.30791420308766,-2.59350053911306e-13,0.745298394215977,2.56261580887194
2,12,14,1.14053048819902,0.667788394776903,0,0.472742093422114
2,12,15,1.24542150372629,0.135079238753081,0.498289123369979,0.612053141603231
2,12,16,1.27180527579013,0.592515130590857,0.484374716893517,0.194915428305758
2,12,17,1.32876129356562,0.453685494562936,0.558832154295652,0.316243644707031
2,12,18,1.11919105666257,0.656181799475096,0.463009257187476,-2.83114631972973e-28
2,12,19,4.15186107491412,-5.01563602639655e-14,0.457559596510179,3.69430147840399
2,12,20,1.31095659920602,0.792122556387763,0.518834042818253,-4.52983411156757e-27
2,13,14,1.4834544650937,0.339308357377079,0.726029275680446,0.418116832036172
2,13,15,2.56261580887948,-2.39070141094549e-13,2.56261580887971,0
2,13,16,1.46316992079782,1.23425363602589e-13,1.41743636471983,0.0457335560778679
2,13,17,1.67095312920132,0.406063100012454,1.00557736759675,0.259312661592122
2,13,18,2.56261580887508,0.296657701175445,2.26595810769963,8.58714160803081e-15
2,13,19,3.69430147839911,-2.39070141094549e-13,-1.69765555904321e-13,3.69430147839952
2,13,20,2.56261580887988,-2.59350053911306e-13,2.56261580888014,1.55713047585135e-27
2,14,15,1.99767544643419,-1.48058248635517e-13,0.289264907185243,1.7084105392491
2,14,16,0.980956886599422,0.471881451119128,0.39652170179307,0.112553733687224
2,14,17,1.04643193699928,0.339516414858885,0.46611281252601,0.24080270961438
2,14,18,0.840685820921946,0.475253503475915,0.339965808121179,0.0254665093248523
2,14,19,3.69430147839316,-2.39070141094549e-13,-4.17638653644111e-12,3.69430147839758
2,14,20,0.933083011754276,0.585014360598927,0.348068651155349,-4.52983411156757e-26
2,15,16,1.86819266501825,-8.29084614594612e-14,1.34661414754611,0.521578517472219
2,15,17,0.952559120854115,0.400681774812023,0.209670857182481,0.342206488859611
2,15,18,2.00275277264223,3.21901871642936e-13,1.70841053925071,0.294342233391207
2,15,19,1.29813092101723,0.0994805644772173,0,1.19865035654001
2,15,20,1.70841053925394,0.00689080248544131,1.7015197367685,2.34396266103064e-23
2,16,17,0.902142145008848,0.505127520373833,0.13034294822993,0.266671676405085
2,16,18,0.922145769103999,0.466228046325153,0.0914489060797778,0.364468816699068
2,16,19,3.69433062933787,-1.67741143822552e-13,1.90906111201256,1.78526951732547
2,16,20,1.00742852902559,0.377872156244414,0.264367844383805,0.36518852839737
2,17,18,1.00450996304015,0.342356117289823,0.202096883687062,0.460056962063267
2,17,19,1.58576300592636,0.195901282283663,0.207199179932582,1.18266254371011
2,17,20,1.25821499428625,0.443911145599277,0.325704679485074,0.4885991692019
2,18,19,3.69430147839603,7.85202478772976e-13,0,3.69430147839524
2,18,20,0.927090615591672,0.58007744288512,0.347013172706552,-9.05966822313513e-26
2,19,20,3.69430147840202,0,3.69430147840202,0
3,4,5,0.856413416473079,0,0.716640606085926,0.139772810387154
3,4,6,0.726482101399512,0,0.584905031710221,0.141577069689291
3,4,7,1.17110417477997,0,0.387061023257247,0.78404315152272
3,4,8,1.11908696074508,0,0.732032924517228,0.38705403622785
3,4,9,1.42706050447026,0,0.896181014114566,0.530879490355689
3,4,10,1.41442375612705,0,0.883544265771361,0.530879490355689
3,4,11,1.26112914526243,0,0.734798824746339,0.526330320516094
3,4,12,1.15716551046651,0,0.727179571040029,0.429985939426483
3,4,13,1.28838413650009,0,0.557770709895925,0.730613426604165
3,4,14,0.896164486643383,0,0.559571291946343,0.33659319469704
3,4,15,0.684382515454179,0,0.420596544482018,0.263785970972161
3,4,16,0.829761813559425,0.181491679654104,0.562045506078932,0.0862246278263886
3,4,17,0.778376697909932,0.4132484781389,0,0.365128219771031
3,4,18,0.818504520427847,0,0.476179140885392,0.342325379542455
3,4,19,1.28409888738899,0,0,1.28409888738899
3,4,20,1.07391203505787,0,0.711298696140643,0.362613338917224
3,5,6,0.819645501840936,0.819645501840936,-2.43232862991534e-27,0
3,5,7,3.14181307142405,0,1.80095754004949,1.34085553137455
3,5,8,1.42682129451861,0.59639329431477,-8.55151445992471e-13,0.830428000204692
3,5,9,2.01026505169169,0.935761435731607,0,1.07450361596008
3,5,10,1.42984238063645,0.47087220976987,9.28700672156983e-14,0.958970170866488
3,5,11,2.52881342821907,1.72375929839262,3.84289361974486e-22,0.80505412982645
3,5,12,1.69361137516328,0.528335952266053,0.595095279749941,0.570180143147288
3,5,13,1.33159161998552,0.257277240016294,-4.20229272263464e-26,1.07431437996923
3,5,14,0.831913309865747,0.537421515160677,0.00993951060403226,0.284552284101037
3,5,15,1.72375929838194,1.72375929838194,1.20734825221493e-27,0
3,5,16,0.847545406289287,0.847545406289287,0,0
3,5,17,0.955582784090146,0.589884426420756,0.0583244154882356,0.307373942181154
3,5,18,0.856611776548747,0.355536442937238,0.210979940235712,0.290095393375797
3,5,19,3.6943014784054,0,0,3.6943014784054
3,5,20,1.72375929838494,1.72375929838494,-1.71372933103313e-15,0
3,6,7,4.18576450151442,0,0,4.18576450151442
3,6,8,1.09216984859288,0.7100196604265,0,0.382150188166376
3,6,9,2.58563894758635,2.585638947586,2.32901369041904e-13,1.24894725900445e-13
3,6,10,2.58563894757857,2.58563894757857,2.40013071398011e-16,2.36595128509267e-15
3,6,11,1.21449967222173,0.53695115921939,0.241551228384735,0.4359972846176
3,6,12,1.26570997623876,0.594035191882457,0.213147865294414,0.458526919061891
3,6,13,2.5856389475762,2.58563894757617,0,2.33231921701997e-14
3,6,14,0.744562103304038,0.504998992460866,1.10893441781044e-14,0.239563110843161
3,6,15,0.861879649189912,0.86187964919616,-6.24800352469714e-12,0
3,6,16,0.694759622487965,0.590495219204414,1.18807423722189e-13,0.104264403283431
3,6,17,0.861628505161449,0.546504988282239,0.0279538632339025,0.287169653645308
3,6,18,0.721968558340183,0.458287308139528,1.17539439370644e-13,0.263681250200538
3,6,19,3.69430147840179,0,0,3.69430147840179
3,6,20,0.877159180795223,0.516695772281607,0.059602652586945,0.300860755926672
3,7,8,4.49878724445081,0,3.69278999676184,0.805997247688977
3,7,9,4.57538175396972,-7.00129944810456e-29,4.57538175396954,1.74254683124277e-13
3,7,10,4.44503666160818,0,4.445036661608,1.74254683124225e-13
3,7,11,4.73977067920001,-3.2208930227595e-15,4.73977067920002,0
3,7,12,4.70596884422593,0,4.70596884422593,0
3,7,13,4.38132373863738,0,4.38132373863738,-2.71771743777074e-25
3,7,14,3.2245783658358,0,3.13658097018102,0.0879973956547808
3,7,15,4.4942439245387,0,4.4942439245387,0
3,7,16,1.07392430923259,0.469854377386336,0.536566383898371,0.067503547947883
3,7,17,1.49319505592114,0.415816974271589,0.774755918075796,0.302622163573755
3,7,18,4.15073670993201,0,4.15073670993201,0
3,7,19,4.51169504403049,0,-6.87023828118426e-13,4.51169504403117
3,7,20,4.42335297778863,0,4.42335297778863,0
3,8,9,2.58563894758507,2.58563894758496,0,1.18898809458611e-13
3,8,10,2.58563894756953,2.58563894756965,0,-1.24402855842561e-13
3,8,11,1.62016645680534,0.611899126454531,0.41609580677364,0.592171523577166
3,8,12,1.69217060875401,0.306033130651472,0.702190849759195,0.683946628343345
3,8,13,2.58563894758285,2.58563894758303,0,-1.80019422227236e-13
3,8,14,1.36377982663073,0.5226154140763,0.37882560026736,0.462338812287066
3,8,15,1.72359885513939,1.705740543001,0,0.0178583121383844
3,8,16,1.20467374428717,1.02179918424223,0.0515428848803151,0.131331675164624
3,8,17,1.14561754673609,0.689805408208675,0.0344328286833356,0.421379309844084
3,8,18,1.3142238355755,0.570941335800029,0.24802023257354,0.495262267201933
3,8,19,3.69430147839328,0,0,3.69430147839328
3,8,20,1.37610810439534,0.437119797118976,0.413690653677797,0.525297653598569
3,9,10,1.23210046055737,0.33715580931898,0.89494465123822,1.74254683124229e-13
3,9,11,3.38212508628783,1.62340126846617,0.953669687991226,0.805054129830433
3,9,12,3.39070344734495,2.58563894758866,-8.44870635290773e-14,0.805064499756374
3,9,13,2.58563894758572,2.58563894758559,2.2177868761265e-13,-9.03351888839431e-14
3,9,14,1.43669553359484,0.158200493724609,0.763938136315028,0.514556903555206
3,9,15,2.58563894757818,2.585638947578,1.74254683140322e-13,9.2192704474213e-24
3,9,16,1.32212778112754,0.365440475450697,0.956687305676843,0
3,9,17,1.68871968749307,0.308801933778023,1.05015994254205,0.329757811172999
3,9,18,1.42189243679519,0.139429612788847,0.794623443676476,0.487839380329865
3,9,19,3.69430147839007,0,2.22288998633858e-13,3.69430147838985
3,9,20,2.58563894758228,2.58563894758233,-5.47991675080226e-14,0
3,10,11,3.38230282513776,1.64336242542862,0.933886269881795,0.805054129827339
3,10,12,3.39070344734886,2.58563894758692,-1.12121693781823e-13,0.805064499762046
3,10,13,2.58563894758215,2.58563894758191,2.39106895971205e-13,0
3,10,14,1.42323583599815,0.117580649447649,0.764591736743979,0.541063449806524
3,10,15,2.58563894757436,2.58563894757419,1.74254683124233e-13,0
3,10,16,1.3159252799148,0.364553116430841,0.951372163483963,0
3,10,17,1.70877055194924,0.258504633747807,0.307360242283191,1.14290567591824
3,10,18,1.41447068012391,0.122962390213425,0.789932665730165,0.50157562418032
3,10,19,3.69430147839806,0,2.70041097985252e-13,3.69430147839779
3,10,20,2.585638947586,2.58563894758607,-7.38676320440402e-14,0
3,11,12,1.43892045858647,0.861879649190779,0,0.57704080939569
3,11,13,3.39069307741772,2.5856389475842,0.805054129833778,-2.59394193633963e-13
3,11,14,1.1566537633549,0.684088230565333,0,0.472565532789572
3,11,15,1.39484250583904,0.526303868146226,0.535950902501964,0.332587735190853
3,11,16,1.32898278848015,0.613371110704437,0.457380320850666,0.258231356925045
3,11,17,1.4123688585317,0.623507255067698,0.550489209340412,0.238372394123589
3,11,18,1.10369117837435,0.627577190175138,0.0518765691012836,0.424237419097924
3,11,19,4.17516513360138,0,0.480863655202122,3.69430147839925
3,11,20,1.27772259054924,0.778938948896477,0.498783641652765,0
3,12,13,3.39070344733236,2.58563894757473,0.805064499757762,-1.28084318362991e-13
3,12,14,1.29417113696779,0.8359414667453,0,0.458229670222486
3,12,15,1.32626744347983,0.552551424418804,0.4755317546857,0.29818426437533
3,12,16,1.37637520239613,0.760990882231724,0.4712345684645,0.144149751699904
3,12,17,1.44695354408079,0.444455245326236,0.585073894893131,0.417424403861428
3,12,18,1.22767506806426,0.769591869862613,0.458083198201644,0
3,12,19,4.19817111133297,0,0.503869632941171,3.6943014783918
3,12,20,1.50066209560052,0.949129264435768,0.551532831164753,0
3,13,14,1.2251016125604,0.124058881312636,0.650776136360426,0.450266594887334
3,13,15,2.585638947579,2.585638947579,-5.11478355450148e-17,0
3,13,16,1.12919721981591,0.483938637313569,0.605836948383543,0.0394216341187939
3,13,17,1.54926409273196,0.427577360507937,0.768398942691933,0.353287789532093
3,13,18,2.58563894757702,2.5856389475773,-2.78915342720526e-13,0
3,13,19,3.69430147839688,0,1.19233648998108e-13,3.69430147839676
3,13,20,2.58563894758194,2.58563894758207,-1.28084318362851e-13,0
3,14,15,1.32678191222239,0,0.472576642588991,0.854205269633401
3,14,16,0.868380042955484,0.526024305041822,0.287215064040817,0.0551406738728453
3,14,17,1.12314080590633,0.442254719158059,0.44049107424022,0.240395012508048
3,14,18,0.747164013562655,0.480663470267338,0.243720292409799,0.0227802508855172
3,14,19,3.69430147839682,0,0,3.69430147839682
3,14,20,0.875026155802364,0.599225763342151,0.275800392460213,0
3,15,16,1.11968011532656,0,0.253087711496961,0.866592403829602
3,15,17,0.861879649200327,0.399756501827601,0,0.462123147372726
3,15,18,1.32649619305186,0,0.854205269626155,0.472290923425703
3,15,19,1.26628942384125,0,0,1.26628942384125
3,15,20,1.72221544533945,1.55037518031416,0.171840265025285,0
3,16,17,0.925813506386033,0.542867920891058,0.213033746118639,0.169911839376336
3,16,18,0.777368856625736,0.489592235309138,0.06996246410205,0.217814157214548
3,16,19,3.69430755154273,0,0.397723630308812,3.29658392123392
3,16,20,0.943807860957269,0.681291724057129,0,0.262516136900141
3,17,18,1.04592426820018,0.376913716417507,0.221938785486607,0.44707176629607
3,17,19,1.52877141470732,6.15520911571456e-14,0,1.52877141470725
3,17,20,1.35680720494772,0.655102796618034,0.299325981693549,0.402378426636138
3,18,19,3.69430147839677,0,0,3.69430147839677
3,18,20,0.88635526026948,0.606652748715445,0.279702511554035,0
3,19,20,3.69430147840226,0,3.69430147840226,0
4,5,6,1.04948366602193,1.03694908960841,0.0125345764135199,0
4,5,7,3.3503331062168,0.136644394719084,1.70969573648449,1.50399297501323
4,5,8,1.45011941673166,1.02588199763373,0,0.424237419097924
4,5,9,2.72127757856841,2.27138384044518,-3.40361730232451e-16,0.449893738123227
4,5,10,1.64560255908933,1.11472306873314,0,0.530879490356188
4,5,11,3.08245941471669,1.96143115307943,0.347799900300914,0.773228361336345
4,5,12,1.70738076477571,0.723948492292744,0.416317687555512,0.567114584927453
4,5,13,1.57386179990235,1.00760404848996,0,0.566257751412381
4,5,14,1.19084815387153,0.607521101484211,0.154857634942276,0.428469417445047
4,5,15,2.14902275601283,1.43841714470607,-1.25630157622787e-26,0.71060561130676
4,5,16,0.971671746850019,0.738912839653746,0.189087620121608,0.0436712870746657
4,5,17,1.01236070507906,0.563795184386961,0.101082992778217,0.34748252791388
4,5,18,1.19359209092395,0.558456816112009,0.214664293780821,0.420470981031116
4,5,19,3.69430147839766,0,5.15323857232409e-14,3.69430147839761
4,5,20,2.41641414915578,2.32880374338477,0,0.0876104057710111
4,6,7,4.47662595459583,0,-5.18847196231754e-25,4.47662595459583
4,6,8,1.11609310136727,0.743951770655117,0,0.372141330712153
4,6,9,3.6942195930239,3.69421959302408,-6.39729603027085e-26,-1.79341249285953e-13
4,6,10,3.69421959303914,3.69421959303914,-2.68413524783259e-25,0
4,6,11,1.42167208530136,0.636274859833768,0.264092823030442,0.521304402437154
4,6,12,1.26410267128144,0.583935443609466,0.219011394122292,0.461155833549686
4,6,13,3.28868943081426,2.37033088585326,0.881987078946079,0.0363714660149179
4,6,14,0.988522981705499,0.625669252490952,0.0302583725175162,0.332595356697031
4,6,15,1.23008412638693,1.22708942538762,0,0.00299470099931249
4,6,16,0.874140829337892,0.64430264264646,0.0854742206899563,0.144363966001476
4,6,17,0.872751333487804,0.547287495564024,0.100836875700936,0.224626962222844
4,6,18,0.943245284964557,0.550041404897205,0.0332038800860047,0.359999999981348
4,6,19,3.69430147839573,0,0,3.69430147839573
4,6,20,1.09863375272985,0.645515061041552,0.0571538376651674,0.39596485402313
4,7,8,4.49331924961416,0,3.67699770098376,0.816321548630399
4,7,9,4.84729415011541,-1.26334238340523e-12,4.84729415011649,1.79559564692088e-13
4,7,10,4.65751604215627,0,4.65751604215634,-6.56717772731925e-14
4,7,11,4.92435750147951,0,4.92189337621683,0.00246412526267755
4,7,12,4.70522105446116,-2.81798864393091e-26,4.70522105446116,0
4,7,13,4.67245628418245,0,4.67245628418228,1.7172782804742e-13
4,7,14,3.45112143253375,0,3.25168985646156,0.199431576072195
4,7,15,4.48907294381202,0,4.48907294381202,6.80646739380612e-26
4,7,16,1.2851121705237,0.586582868832542,0.616856127931608,0.0816731737595503
4,7,17,1.50922053509929,0.421005063970683,0.679019789735609,0.409195681393
4,7,18,4.40480609175307,0,4.40480609175307,0
4,7,19,4.74244217674794,0,1.73469968431375,3.00774249243419
4,7,20,4.68010578971378,0,4.68010578971378,0
4,8,9,3.69421959299695,3.69421959299718,0,-2.28252499091037e-13
4,8,10,3.69421959305059,3.69421959305059,0,0
4,8,11,1.61502140437964,0.661908236322947,0.371703231664364,0.581409936392329
4,8,12,1.69310586755242,0.331385093295284,0.688493155653762,0.673227618603378
4,8,13,3.6942195930374,3.69421959303718,0,2.18562690242171e-13
4,8,14,1.38562899546779,0.673104931476352,0.238468847903001,0.474055216088434
4,8,15,2.13934000057383,1.40680694206473,0,0.732533058509102
4,8,16,1.21022025907585,0.789947305187139,0.293683495777107,0.126589458111604
4,8,17,1.17244516641378,0.689578760183602,0.021908446502144,0.460957959728035
4,8,18,1.32571812901794,0.685195635917429,0.156856882385691,0.483665610714824
4,8,19,3.69430147838655,0,0,3.69430147838655
4,8,20,1.39767014598014,0.619311339109854,0.296280156112296,0.482078650757993
4,9,10,1.40949027918935,1.15276240885865,-1.79341249285811e-13,0.256727870330875
4,9,11,4.37800866320945,3.69421959304264,-2.28252499091037e-13,0.683789070167036
4,9,12,4.23447605626915,3.69421959303392,-1.79341249285815e-13,0.540256463235411
4,9,13,3.69421959302959,3.6942195930293,1.2484746292294e-13,1.7172782804742e-13
4,9,14,1.69567241846888,0.793185607956826,0.221066281903118,0.681420528608933
4,9,15,3.69421959300514,3.69421959300551,-3.74154945654695e-13,0
4,9,16,1.53664788699896,1.34638851738577,0.178940174656484,0.0113191949567077
4,9,17,1.69671016025237,1.18191741608362,0.164200826700161,0.350591917468598
4,9,18,1.69007548453659,0.942736820847982,0.0987074467203542,0.648631216968253
4,9,19,3.69430147840872,0,-2.28252499091037e-13,3.69430147840895
4,9,20,3.69421959304529,3.69421959304547,-1.79341249285815e-13,0
4,10,11,4.28486543310974,3.69421959305076,-1.79341249285815e-13,0.590645840059162
4,10,12,4.21887379643373,3.69421959302438,-2.88904530283971e-14,0.524654203409376
4,10,13,3.69421959304736,3.6942195930475,-1.79341249305701e-13,3.75342249913466e-14
4,10,14,1.69151032015743,0.98505750162165,-1.79341249286012e-13,0.706452818535959
4,10,15,3.69421959301425,3.69421959301443,-1.79341249285803e-13,0
4,10,16,1.52284460224037,1.42061979244629,0.0914093056155593,0.0108155041785148
4,10,17,1.70309515636302,0.651568177229155,-1.72967973065672e-13,1.05152697913404
4,10,18,1.68825304110948,1.02137553771421,-1.79341249285907e-13,0.666877503395454
4,10,19,3.69430147839205,0,-1.79341249285815e-13,3.69430147839223
4,10,20,3.69421959305397,3.69421959305409,-1.17715140326866e-13,0
4,11,12,1.44277258505565,0.900964005865179,0,0.541808579190472
4,11,13,4.32094537429163,3.69421959303481,0.626725781256649,1.71727828047226e-13
4,11,14,1.37855053919844,0.804333626703476,0.0116680688266865,0.562548843668274
4,11,15,1.41664560888758,0.646520780443986,0.50862588514941,0.261498943294179
4,11,16,1.5527307724279,0.69049684286348,0.545439599939845,0.31679432962458
4,11,17,1.42762974305538,0.578909511091627,0.522536025968247,0.326184205995508
4,11,18,1.31074914565127,0.748598528223778,0.137913198329566,0.424237419097924
4,11,19,4.2893430040366,0,0.595041525641537,3.69430147839507
4,11,20,1.50298097245377,0.895185674281494,0.60779529817228,0
4,12,13,4.24466444008098,3.69421959303025,0.550444847050565,1.71727828047417e-13
4,12,14,1.29650589697384,0.825715469909037,0,0.470790427064802
4,12,15,1.32360268035498,0.518047535975043,0.476914445151281,0.328640699228657
4,12,16,1.3626224578755,0.768364815299878,0.50099367426892,0.0932639683067034
4,12,17,1.44074786080121,0.41369141899142,0.577327334264662,0.449729107545127
4,12,18,1.22708711908268,0.763044446265325,0.464042672817359,0
4,12,19,4.18360353980357,0.230417719585287,0.489307168797965,3.46387865142032
4,12,20,1.49694446094142,0.939056887007478,0.557887573933943,0
4,13,14,1.49803184549941,0.102426266042531,0.853678468592838,0.541927110864042
4,13,15,3.69421959304647,3.6942195930463,1.71727828047421e-13,0
4,13,16,1.37133109386161,0.617521497531075,0.699321728375158,0.0544878679553786
4,13,17,1.5679160988574,0.67031100349792,0.530879490355689,0.366725605003795
4,13,18,3.69421959303429,3.69421959304038,3.00427310853334e-13,-6.38948424740337e-12
4,13,19,3.69430147838907,0,8.89582124089681e-14,3.69430147838898
4,13,20,3.69421959303929,3.69421959303912,1.71727828037064e-13,0
4,14,15,1.42066387632726,0.592332061501808,0.385016982714482,0.443314832110974
4,14,16,1.10489755495281,0.667002092642311,0.406297045707758,0.0315984166027454
4,14,17,1.12209271216566,0.416173537176619,0.436895696804529,0.269023478184514
4,14,18,0.985557348675577,0.624343216125626,0.339088989762113,0.022125142787837
4,14,19,3.6943014783874,0,0,3.6943014783874
4,14,20,1.12341207793447,0.734810894946008,0.388601182988459,0
4,15,16,1.23142996910255,0.605325232488132,0,0.626104736614422
4,15,17,0.980364452983701,0.415509519563288,0.187617527126182,0.37723740629423
4,15,18,1.42597842735443,0.580300673598945,0.451660796402455,0.394016957353032
4,15,19,1.29231896356846,0.0308133030930475,0,1.26150566047541
4,15,20,2.14118646286444,1.41283487985612,0.728351583008325,0
4,16,17,0.952531523451326,0.553395242985844,0.0443533378274066,0.354782942638075
4,16,18,0.976566045327182,0.512788546396716,0.0613395510574806,0.402437947872985
4,16,19,3.69433323833049,0,2.07992195737652,1.61441128095397
4,16,20,1.18383534074108,0.709104088004799,0.0889552559546728,0.385775996781605
4,17,18,1.03719269183429,0.354596652184349,0.235940288154305,0.446655751495635
4,17,19,1.53220410639683,0.0789630091779407,0,1.45324109721889
4,17,20,1.36603480271638,0.6792423306633,0.293438520289897,0.393353951763188
4,18,19,3.69430147840264,0,0,3.69430147840264
4,18,20,1.13029375010396,0.74146495889721,0.388828791206753,0
4,19,20,3.69430147840172,0,3.69430147840172,0
5,6,7,4.12932888799095,1.17584783558587e-13,0,4.12932888799084
5,6,8,1.24405048456764,7.42976633894684e-13,2.33378496285233e-23,1.2440504845669
5,6,9,2.56261580887879,5.75787548534251e-12,-1.28928239398855e-12,2.56261580887432
5,6,10,2.56261580886502,1.61946816665407,0,0.943147642210948
5,6,11,2.25720658130987,1.48340192541291,0.225008613850757,0.548796042046198
5,6,12,1.48020684241303,0.826191732042416,5.37209357654985e-14,0.654015110370563
5,6,13,2.56261580887714,1.65769412387745,0,0.904921684999693
5,6,14,0.769778731031532,0.447230739233638,0,0.322547991797894
5,6,15,1.70841053925393,0,1.17207490362596e-13,1.70841053925381
5,6,16,0.610034886811397,0.61003488681173,-3.82904926583416e-17,-3.32613769760029e-13
5,6,17,0.864549671290434,0.676284602956701,0,0.188265068333733
5,6,18,0.753413152982412,0.440140926924074,0,0.313272226058338
5,6,19,2.70280552879342,0.213151323827133,2.03201556596744,0.457638638998841
5,6,20,1.70841053925157,1.2760316465306,0.432378892720969,-2.80849714917189e-25
5,7,8,4.59725812241816,0,3.97718697944285,0.62007114297531
5,7,9,4.14979152920234,-5.29987582093649e-26,4.14979152920252,-1.89034648141095e-13
5,7,10,4.02770440196577,1.62636737487778e-13,4.02770440196579,-1.89034648141095e-13
5,7,11,4.84060944738573,1.17584783558587e-13,4.84060944738561,0
5,7,12,4.78438810423232,0,4.78438810423232,0
5,7,13,4.12172632217248,0,4.12172632217265,-1.69765555904321e-13
5,7,14,3.89331793973793,-5.66792275294597e-25,3.89331793973793,0
5,7,15,4.48550661826771,0,4.48550661826641,1.2985709194135e-12
5,7,16,3.048974008397,1.41894309840306,1.63003090999395,0
5,7,17,3.4646503250361,1.31804126790677,1.84514454315637,0.301464513972948
5,7,18,3.89331793973604,-1.26464454299283e-13,3.89331793973617,0
5,7,19,4.21159626112349,-1.55679176828622e-13,4.21159626112767,-4.02676918098762e-12
5,7,20,4.21524132571466,0,4.21524132571466,0
5,8,9,2.56261580887667,0,-4.40505423199698e-27,2.56261580887667
5,8,10,2.56261580887675,2.56261580887701,3.75116468487726e-26,-2.59350053911306e-13
5,8,11,2.51346466908329,1.70841053925464,1.71928381390208e-25,0.805054129828649
5,8,12,2.18510101682768,0,1.34542871754755,0.83967229928012
5,8,13,2.56261580888681,2.00544838832132,-2.73522424938967e-26,0.55716742056549
5,8,14,1.5126748815095,1.19057504106426e-26,1.04509441667723,0.467580464832269
5,8,15,1.70841053926086,1.70841053926086,0,0
5,8,16,1.32739772682886,-3.9013332802232e-14,1.27269465723356,0.0547030695953389
5,8,17,1.29191131115415,-5.068930026457e-12,1.29191131115922,1.8602735016629e-28
5,8,18,1.48466528108036,0,0.991859403122585,0.492805877957777
5,8,19,3.69430147839837,1.62636737487778e-13,0,3.69430147839821
5,8,20,1.70841053925356,1.70841053925356,0,-1.94641309481419e-28
5,9,10,1.10054330221453,0,1.10054330221453,-1.0660419306442e-26
5,9,11,3.34625438585272,1.24540618978704,1.31720961908724,0.78363857697844
5,9,12,3.28151054486721,-2.94607862636367e-13,2.56261580887411,0.718894735993401
5,9,13,2.5626158088848,9.03056306629352e-13,2.56261580888413,-2.40589552179575e-13
5,9,14,1.72957641750694,0,1.05007912099104,0.679497296515898
5,9,15,2.56261580887885,0,2.56261580887885,0
5,9,16,1.20372035789451,1.17584783558587e-13,1.20372035789439,0
5,9,17,1.68327541392261,0,1.1037061434785,0.579569270444104
5,9,18,1.5910115476622,-1.12110260307537e-13,1.00815303061659,0.582858517045717
5,9,19,3.69430147838745,-7.18911960806176e-14,-2.40589552179575e-13,3.69430147838776
5,9,20,2.56261580887946,-1.12110260310721e-13,2.56261580887958,-1.55335561409171e-25
5,10,11,3.35029392765304,1.14676472394518,1.41585108493424,0.787678118773622
5,10,12,3.28573854610325,4.61115294224692e-26,2.56261580887978,0.723122737223467
5,10,13,2.56261580888452,0,2.56261580888469,-1.69765555904321e-13
5,10,14,1.72488904396241,0,1.0387584458663,0.686130598096104
5,10,15,2.56261580888181,0,2.56261580888181,0
5,10,16,1.19692611050142,0,1.19692611050142,0
5,10,17,1.67169797883977,1.17584783558587e-13,0.310057477900049,1.3616405009396
5,10,18,1.59302724728269,-1.12110260309812e-13,1.00710309848911,0.585924148793696
5,10,19,3.69430147840324,8.13183687438888e-14,-2.46290346685025e-15,3.69430147840316
5,10,20,2.56261580888476,0,2.56261580888476,-1.5807233618491e-27
5,11,12,2.39971288218154,1.7084105392569,-1.36221268723715e-27,0.691302342924641
5,11,13,3.34300412657662,7.44109400665161e-28,0.780388317704719,2.56261580887191
5,11,14,2.31641406635107,1.70841053925065,0,0.608003527100419
5,11,15,2.48601260978577,-7.44109400665161e-27,0.777602070531629,1.70841053925414
5,11,16,2.42570276597992,1.47615339474251,0.614719229531815,0.334830141705592
5,11,17,2.52881342821528,-3.60836811181739e-12,0.80505412982925,1.72375929838964
5,11,18,2.28034795499264,1.70841053925645,-4.71857719954955e-29,0.571937415736193
5,11,19,3.42577892006834,2.24516688980142,0.722973391268083,0.45763863899884
5,11,20,2.48309202668421,1.70841053925247,0.774681487431741,-5.8105692093781e-23
5,12,13,3.27984638870043,0,0.717230579820762,2.56261580887967
5,12,14,1.25840436270447,0.870066990987596,0.0562820056501155,0.332055366066758
5,12,15,2.05436595397505,-1.29475035715738e-25,0.345955414717987,1.70841053925706
5,12,16,1.3417945498682,0.887673272221597,0.412686904388509,0.0414343732580904
5,12,17,1.39917780640668,0.800261523569093,0.480241196659568,0.118675086178022
5,12,18,1.27800366960116,0.896865015472748,0.381138654128072,3.40801447332385e-13
5,12,19,3.12685021029719,2.24516688980782,0.424044681490526,0.45763863899884
5,12,20,2.12824887822842,1.708410539249,0.419838338979418,0
5,13,14,1.65443631724821,0,0.97690232636763,0.677533990880578
5,13,15,2.56261580888437,-1.0793675284978e-26,2.56261580888437,3.92379069815826e-27
5,13,16,1.02616831411278,6.32580664391291e-25,1.02616831411278,0
5,13,17,1.54147377124148,0,1.04059062094663,0.500883150294846
5,13,18,2.5626158088837,-3.0960592193526e-27,2.5626158088837,2.6575026787863e-25
5,13,19,3.6943014784062,-1.04506926344091e-24,-1.69765555904312e-13,3.69430147840637
5,13,20,2.56261580888114,-2.13778914178785e-12,2.56261580888328,5.30132148369392e-26
5,14,15,2.07741477742595,1.97205347371153e-15,0.369004238173414,1.70841053925254
5,14,16,0.731177403992986,0.313135094934069,0.327787680454219,0.0902546286046976
5,14,17,1.01518496463585,0.211256016980846,0.486238937970121,0.317690009684883
5,14,18,0.769295104022834,0.468594522344695,0.284105884881359,0.0165946967967803
5,14,19,2.70280552880838,2.24516688980697,2.57495348784732e-12,0.45763863899884
5,14,20,2.01587007245829,1.70841053925067,0.307459533207614,0
5,15,16,1.87177083362711,-6.94591577686816e-14,1.33851206170033,0.533258771926846
5,15,17,1.72375929840486,2.02964242042971e-12,0,1.72375929840283
5,15,18,2.0396587413545,-1.48821880133032e-27,1.70841053925449,0.33124820210001
5,15,19,3.69430147840051,0,0,3.69430147840051
5,15,20,1.70841053925095,1.70841053925095,3.11835583535187e-59,-1.37817843555843e-25
5,16,17,0.743924054451014,0.170368025649245,0.151181254552846,0.422374774248923
5,16,18,0.686168086390626,0.386217678099947,0.047313893270101,0.252636515020579
5,16,19,3.69435789045445,-9.01039078583817e-14,3.69435789045827,-3.7252980091895e-12
5,16,20,1.88540400112149,1.03598904042305,0.622908877809977,0.226506082888468
5,17,18,1.02903415223777,0.387650001150239,0.188724252352922,0.45265989873461
5,17,19,3.69430147840708,1.93461632706425e-13,0,3.69430147840689
5,17,20,1.72375929838465,-3.19036905535188e-26,1.72375929838465,-2.02936568198227e-24
5,18,19,2.70280552880147,2.24516688980263,0,0.45763863899884
5,18,20,2.01646014999346,1.70841053925321,0.308049610740249,-3.34075265728108e-24
5,19,20,2.70280552879932,2.24516688980048,0.45763863899884,0
6,7,8,4.41534927140092,0,3.45181004142919,0.963539229971738
6,7,9,4.25520758736213,0,4.25520758736238,-2.40589552179575e-13
6,7,10,4.22592270921408,0,4.22592270921427,-1.89034648141095e-13
6,7,11,4.41981767481924,0,4.41981767481924,0
6,7,12,4.85907716124766,0,4.85907716124766,0
6,7,13,4.00684239509293,0,4.00684239509317,-2.40589552179575e-13
6,7,14,3.75653335749276,0,3.75653335749157,1.18538754210399e-12
6,7,15,4.36151662130675,0,4.36151662130675,0
6,7,16,3.93013103512951,2.20402743501696e-15,3.9301310351295,0
6,7,17,4.47377182882189,7.92140966920163e-24,4.47377182882189,0
6,7,18,3.75653335749857,0,3.75653335750157,-3.001794693762e-12
6,7,19,4.11113927899147,-8.31104171969021e-26,4.11113927899487,-3.4088509657182e-12
6,7,20,4.10281418268591,-7.51581322657046e-14,4.10281418268598,0
6,8,9,2.56261580887596,1.02178957549051e-11,-9.71981474336685e-27,2.56261580886574
6,8,10,2.56261580887312,1.0792138834602,0,1.48340192541291
6,8,11,1.45833928821476,-5.6508110480686e-26,0.78685627335993,0.671483014854833
6,8,12,1.52925728170182,0,0.834705740793284,0.694551540908537
6,8,13,2.56261580887602,0.0402581399528202,-1.30606957908357e-25,2.5223576689232
6,8,14,1.15648034137298,1.57490246213984e-13,0.653643593680052,0.502836747692773
6,8,15,1.70841053925927,8.97328101803367e-12,0,1.7084105392503
6,8,16,0.922378327752765,0,0.740016808804159,0.182361518948606
6,8,17,0.953595550868165,3.66821114910135e-26,0.198717999653563,0.754877551214602
6,8,18,1.11694937390003,0,0.603525371597909,0.513424002302117
6,8,19,3.69430147839942,0,0,3.69430147839942
6,8,20,1.20523005286097,-8.02672023873381e-29,0.644449722186564,0.560780330674409
6,9,10,2.56261580888146,-8.67857257038752e-12,2.56261580889014,1.24001964610326e-26
6,9,11,3.34905448410092,4.92157019418701e-15,2.56261580888241,0.786438675218502
6,9,12,3.34298349572651,1.79057835707147e-13,2.56261580888206,0.780367686844271
6,9,13,2.56261580887314,-1.88660629698351e-11,2.56261580889201,-3.97307339058923e-28
6,9,14,2.56261580888429,0,2.56261580888728,-2.98682350674712e-12
6,9,15,2.56261580887775,3.54191904943157e-12,2.56261580887421,0
6,9,16,2.82490392482261,-1.62450557388933e-11,1.96871399737089,0.856189927467964
6,9,17,2.58563894758336,1.17207490362596e-13,6.37809666368432e-14,2.58563894758318
6,9,18,2.56261580888425,1.72684981626244e-11,2.56261580886823,-1.25667619259798e-12
6,9,19,3.69430147838761,0,-2.40589552179575e-13,3.69430147838785
6,9,20,2.56261580888255,1.72156870625818e-14,2.56261580888254,1.16784785688851e-26
6,10,11,3.33219144597903,0,2.56261580887459,0.769575637104447
6,10,12,3.34249903839391,1.20200317650801e-11,2.56261580887067,0.779883229511218
6,10,13,2.56261580887613,1.00914235516723e-11,0.572212149878202,1.99040365898784
6,10,14,2.56261580886585,-3.00942675182186e-29,2.56261580886585,-1.90366278538627e-24
6,10,15,2.56261580888263,1.08898558153337e-11,2.18646238694186,0.376153421929876
6,10,16,2.91763260760481,0,1.75874744022866,1.15888516737615
6,10,17,2.58563894758312,1.27813630895541e-13,-5.99798957498273e-14,2.58563894758305
6,10,18,2.5626158088792,-5.8439660438935e-23,2.5626158088792,-2.21301270658874e-26
6,10,19,3.69430147839764,0,-2.40589552179575e-13,3.69430147839788
6,10,20,2.56261580888255,2.00372761149632,0.558888197386235,-5.45467524267928e-26
6,11,12,1.25417018033771,0.665352878699466,0,0.588817301638244
6,11,13,3.24608124821718,-3.70788484729704e-12,0.683465439338407,2.56261580888248
6,11,14,0.968968932938746,0.498723024784381,0.314763771349038,0.155482136805327
6,11,15,1.63216826186804,5.98218734536171e-12,0.777962992239497,0.854205269622565
6,11,16,1.05995140055559,0.39617467918676,0.491169110590671,0.172607610778155
6,11,17,1.38118037347063,0.0901331775162591,0.710090598690068,0.580956597264306
6,11,18,0.967754531722562,0.497799670909211,0.469954860813351,0
6,11,19,3.14096786417937,1.97416161269857,0.709167612481963,0.45763863899884
6,11,20,1.09991495885818,0.617362956108471,0.482552002749706,6.03977881542342e-27
6,12,13,3.34776368652357,1.0282228625818e-25,0.785147877646925,2.56261580887664
6,12,14,0.992042242389614,0.497464213895279,0.153779300072322,0.340798728422014
6,12,15,1.46313997052623,5.09524635904261e-12,0.608934700897783,0.854205269623356
6,12,16,1.07328752645632,0.39746843155058,0.50478231786152,0.171036777044218
6,12,17,1.16086994571839,0.38231202748689,0.603120672490612,0.175437245740889
6,12,18,0.988774742630603,0.506577031971349,0.482197710659254,3.24638111329009e-26
6,12,19,3.34375658957212,2.24516688980507,0.640951060768214,0.45763863899884
6,12,20,1.14421902576655,0.637671989292229,0.506547036474318,0
6,13,14,2.56261580888396,2.0202305269444,0.542385281939563,1.53825616705315e-26
6,13,15,2.56261580887596,4.62178993442475e-12,2.26376994664289,0.298845862228446
6,13,16,2.92757574991843,1.73623307574159,-1.92720259748115e-14,1.19134267417685
6,13,17,2.58563894759264,6.34833469716843e-12,-1.75409918661179e-13,2.58563894758647
6,13,18,2.56261580888058,1.04790159379419e-11,2.5626158088701,-1.73077411679477e-25
6,13,19,3.69430147838781,0,-9.84456563089414e-14,3.69430147838791
6,13,20,2.56261580888438,0.0128923871582564,2.54972342172612,-1.26516851162922e-27
6,14,15,1.36608473873437,8.74246487503252e-30,0.511879469107196,0.854205269627173
6,14,16,0.570564396999399,0.235863017175698,0.26752744304281,0.0671739367808914
6,14,17,0.898358220972802,0.241882707884171,0.442473407208528,0.214002105880103
6,14,18,0.522507630269961,0.259524224088033,0.229977162056023,0.0330062441259057
6,14,19,2.68891240560322,2.00372761149212,0.22754615511226,0.45763863899884
6,14,20,0.731522624975083,0.414332759131379,0.317189865843704,-2.78796190119945e-23
6,15,16,1.07088667504493,9.27764551855859e-12,0.363571224935685,0.707315450099965
6,15,17,0.861879649198046,-6.22428507409794e-23,0,0.861879649198046
6,15,18,1.31851708236002,5.47703678300359e-12,0.854205269613641,0.464311812740899
6,15,19,3.69430147840615,0,0,3.69430147840615
6,15,20,1.70841053925966,0.0469867780820016,1.66142376117766,4.41186968157883e-27
6,16,17,0.655492328017806,0.246230749687968,0.130757629056536,0.278503949273302
6,16,18,0.47412587175191,0.173899874151721,0.0670888813616794,0.23313711623851
6,16,19,3.61209549086691,-3.83982242780548e-24,3.15445685186807,0.45763863899884
6,16,20,0.786004865463596,0.231866216984349,0.189332643682472,0.364806004796776
6,17,18,0.811672469122509,0.172816745523664,0.210207942879686,0.428647780719159
6,17,19,3.69430147839356,0,0,3.69430147839356
6,17,20,1.24507517776346,0.34768860214361,0.322051787475516,0.57533478814433
6,18,19,2.68721429913741,1.97416161269826,0.255414047440307,0.45763863899884
6,18,20,0.744487556901419,0.389011155969593,0.246143434017518,0.109332966914308
6,19,20,2.68891152631112,2.00372761149244,0.45763863899884,0.227545275819838
7,8,9,4.60010906149537,3.98542087041134,0.614688191084272,-2.40589552179575e-13
7,8,10,4.47740187584994,3.63102621008741,0.846375665762765,-2.40589552179575e-13
7,8,11,4.73709662015683,4.38105914590527,0.356037474251557,0
7,8,12,4.70725186913093,4.29486353847825,0.412388330652678,0
7,8,13,4.45653539128481,3.57076102941124,0.885774361873811,-2.40589552179575e-13
7,8,14,4.6347060879967,4.08534168097856,0.549364407018146,0
7,8,15,4.33803319988517,3.22851095132604,1.10952224855913,0
7,8,16,4.61714113822141,4.03461177160749,0.582529366613919,0
7,8,17,4.54476161742178,3.82557009605726,0.719191521364525,0
7,8,18,4.26810967155647,3.02656250845089,1.24154716310558,0
7,8,19,4.59734019999738,2.68708928623353e-14,0.620027140271266,3.97731305972609
7,8,20,4.51861413370767,3.7500526879987,0.768561445708967,0
7,9,10,4.03027691870614,4.03027691870651,-2.40589552179575e-13,-1.216960258461e-13
7,9,11,4.86545022762006,4.8654502276203,-2.40589552179575e-13,0
7,9,12,4.7966803842242,4.79668038422438,-1.76261114417651e-13,0
7,9,13,4.12639220641795,4.12639220641837,-1.89034648141095e-13,-2.40589552179575e-13
7,9,14,4.03027691870538,4.03027691870562,-2.40589552179575e-13,0
7,9,15,4.58235957626284,4.58235957626308,-2.40589552179575e-13,0
7,9,16,4.39806060764912,4.39806060764936,-2.40589552179575e-13,0
7,9,17,4.92566251700908,4.92566251700896,1.15958877863304e-13,0
7,9,18,4.03027691870671,4.0302769187068,-8.85123591227744e-14,0
7,9,19,4.38015182603057,1.4620565901293e-13,-8.15264972193569e-14,4.38015182603051
7,9,20,4.23282085315065,4.23282085315066,-1.44692584474928e-14,0
7,10,11,4.71270728756354,4.71270728756347,6.37975159863657e-14,0
7,10,12,4.55977835815735,4.55977835815759,-2.40589552179575e-13,0
7,10,13,4.09803101857259,4.09803101857282,-1.0171509067387e-13,-1.29275816380524e-13
7,10,14,3.99063176693987,3.99063176693911,-2.9634725910686e-13,1.05619441724628e-12
7,10,15,4.40869652031033,4.40869652031057,-2.40589552179575e-13,0
7,10,16,4.37076053427264,4.37076053427278,-1.42583874851893e-13,0
7,10,17,4.81880155579003,4.81880155579123,-1.77646919968758e-13,-1.02005031268562e-12
7,10,18,3.9906317669415,3.99063176694174,-2.40589552179575e-13,0
7,10,19,4.40719662642219,-4.06793218817491e-13,-1.89034648141095e-13,4.40719662642279
7,10,20,4.2040338664588,4.20403386645886,-5.47765457353189e-14,0
7,11,12,4.91931031397494,4.91931031397494,0,0
7,11,13,4.6739251312248,4.67392513122504,0,-2.40589552179575e-13
7,11,14,4.87087596649659,4.87087596649659,0,0
7,11,15,4.78274044961331,4.78274044961331,0,0
7,11,16,4.67155080119945,4.67155080119945,0,0
7,11,17,4.86852343046325,4.86852343046445,0,-1.20353566437894e-12
7,11,18,4.41449084526388,4.41449084526983,0,-5.94836599424842e-12
7,11,19,4.8936011370008,4.89360113700461,0,-3.81553511085117e-12
7,11,20,4.75279486541432,4.75279486541432,0,0
7,12,13,4.85351009270479,4.85351009270496,0,-1.69765555904321e-13
7,12,14,4.56360321405176,4.56360321405176,0,0
7,12,15,4.70174365178862,4.70174365178862,0,0
7,12,16,4.92575095372909,1.98242577797219,0,2.94332517575689
7,12,17,4.92566251701013,4.92566251701013,0,0
7,12,18,4.55327632024141,4.55327632024141,0,0
7,12,19,4.87863883324901,4.87863883325558,0,-6.57451222108749e-12
7,12,20,4.86087306593451,4.86087306593451,0,0
7,13,14,3.77135158739002,3.11917125132716,0.652180336062858,0
7,13,15,4.29449869933851,4.29449869933875,-2.40589552179575e-13,0
7,13,16,4.15279174650065,4.15279174650084,-1.89034648141095e-13,0
7,13,17,4.77000283941315,4.77000283941339,-2.40589552179575e-13,0
7,13,18,3.77135158738985,3.11917125132882,0.652180336061031,0
7,13,19,4.12750493853377,-4.99399627415825e-16,-1.89034648141095e-13,4.12750493853396
7,13,20,3.94471326271563,3.94471326271587,-2.40589552179575e-13,0
7,14,15,4.11987901523671,4.11987901523671,0,0
7,14,16,3.21205930901614,3.18962870517986,0.0153388666754207,0.00709173716085811
7,14,17,3.75329267664017,3.26612541073644,0.330517635198125,0.156649630705604
7,14,18,3.50951714877055,3.50951714877055,0,0
7,14,19,3.8653444828481,3.86534448285279,0,-4.69657376797517e-12
7,14,20,3.87915401635568,3.87915401635568,0,0
7,15,16,4.52038550880989,4.52038550880989,0,0
7,15,17,4.53138494495317,4.53138494495317,0,0
7,15,18,4.10911838362409,4.10911838362409,0,0
7,15,19,4.58153423180075,0,0,4.58153423180075
7,15,20,4.37842704714306,4.37842704714306,0,0
7,16,17,1.4499416162823,1.14119704277856,0,0.308744573503743
7,16,18,3.91836077927713,3.91836077927713,0,0
7,16,19,4.26724306514708,4.26724306515002,0,-2.93574039632332e-12
7,16,20,4.24486030947162,4.24486030947082,7.99450457510239e-13,0
7,17,18,4.53036664631738,4.53036664631688,0,5.01719511100788e-13
7,17,19,4.92573530452545,5.57486830029703e-13,0,4.92573530452489
7,17,20,4.83122373742563,4.83122373742563,0,0
7,18,19,3.86534448284797,3.86534448285512,0,-7.15177080712501e-12
7,18,20,3.87915401635612,3.87915401635612,0,0
7,19,20,4.04966641793103,4.04966641793479,-3.75836553803592e-12,0
8,9,10,2.56261580889312,8.75271759804694e-26,1.61556305276314,0.947052756129981
8,9,11,3.36766993872253,1.95373160670691e-25,2.5626158088865,0.805054129836035
8,9,12,3.36768030864441,1.29385875654165e-24,2.562615808881,0.805064499763418
8,9,13,2.5626158088657,-2.34447792804829e-26,-2.59350053911306e-13,2.56261580886596
8,9,14,2.562615808879,-4.06376174195036e-26,2.562615808879,-3.6568973296509e-27
8,9,15,2.56261580887861,9.08485197118711e-27,2.51038553755264,0.0522302713259639
8,9,16,3.38080796188911,0,0.709974487014532,2.67083347487458
8,9,17,2.58563894758043,5.77129190650649e-22,-2.0377504143217e-13,2.58563894758063
8,9,18,2.56261580888326,-1.5004658739509e-25,2.5626158088822,1.06059263966594e-12
8,9,19,3.69430147839317,0,-2.40589552179575e-13,3.69430147839341
8,9,20,2.56261580887988,0,2.56261580887988,-1.87799372542072e-26
8,10,11,3.36766993871167,0,2.56261580888438,0.805054129827296
8,10,12,3.36768030864482,-2.79872052660764e-25,2.5626158088865,0.805064499758311
8,10,13,2.56261580887793,9.12392660332125e-26,2.56261580887793,0
8,10,14,2.56261580887315,3.14755930498516e-24,2.56261580887315,2.76697366981585e-25
8,10,15,2.56261580888203,-1.65930425357617e-24,2.56261580891243,-3.04035835078653e-11
8,10,16,3.69435789041362,0,-1.11828601694639e-13,3.69435789041373
8,10,17,2.58563894758174,1.40668675682897e-26,-2.03775042358883e-13,2.58563894758195
8,10,18,2.56261580888157,7.99198335368543e-27,2.56261580888157,0
8,10,19,3.69430147838526,0,-2.40589552179575e-13,3.6943014783855
8,10,20,2.56261580888639,-9.1715976545249e-24,2.56261580888639,-1.47927395205878e-26
8,11,12,1.57192461759852,0.857677179835663,2.86889493732612e-26,0.714247437762856
8,11,13,3.36766993870356,0,0.805054129822998,2.56261580888056
8,11,14,1.5119605895643,0.815982838311657,0.296620345400361,0.399357405852281
8,11,15,2.42872411068151,0.0487449235169667,0.723290205124724,1.65668898203982
8,11,16,1.55720638506437,0.809563136473995,0.697003577874124,0.0506396707162461
8,11,17,1.54045571646249,0.0578958661008298,0.680719651295895,0.801840199065764
8,11,18,1.4592423729527,0.786989704363631,0.67225266858907,-9.08986711721225e-25
8,11,19,4.18338244229541,0,0.489080963897189,3.69430147839822
8,11,20,1.55969290994311,0.866050457030617,0.693642452912495,1.24599929175605e-27
8,12,13,3.36768030863084,0,0.805064499757648,2.56261580887319
8,12,14,1.58892353662086,0.886676927190821,0.150323822906369,0.551922786523672
8,12,15,2.44562165664701,0.417126641125005,0.76268316918844,1.26581184633357
8,12,16,1.63152524150185,0.77559462254395,0.71277296337466,0.143157655583242
8,12,17,1.63515505653061,0.177267617428104,0.717469325324197,0.740418113778311
8,12,18,1.53623116356724,0.843611884123025,0.692619279444212,-1.24570438068108e-26
8,12,19,4.12192181369269,0,0.427620335299318,3.69430147839337
8,12,20,1.65865800359941,0.95041139805891,0.708246605540496,0
8,13,14,2.56261580887894,4.43887821043809e-25,2.56261580887894,5.00169183152252e-27
8,13,15,2.56261580887932,-2.87198546185915e-26,2.56261580887932,0
8,13,16,3.41068099305435,0.535573206231682,-2.13020190385954e-13,2.87510778682288
8,13,17,2.58563894757787,0,-3.57639693082393e-14,2.58563894757791
8,13,18,2.56261580887464,-3.24350706419054e-22,2.56261580887464,-2.60465461415135e-25
8,13,19,3.69430147840459,0,5.37276496487027e-14,3.69430147840454
8,13,20,2.56261580888348,0,2.56261580888348,6.34176775619459e-26
8,14,15,2.24404003839466,0.782605082343963,0.583419678975945,0.878015277074755
8,14,16,1.23650963328926,0.634733886732899,0.505438516466584,0.0963372300897778
8,14,17,1.30394004606985,0.413609362970404,0.504134319334087,0.38619636376536
8,14,18,1.18921238859146,0.67299644846778,0.452797445686842,0.0634184944368351
8,14,19,3.69430147839351,0,0,3.69430147839351
8,14,20,1.26703364465027,0.754783561328722,0.512250083321545,0
8,15,16,1.89097250829404,0,1.29503350256013,0.595939005733907
8,15,17,1.72375929838714,0,0,1.72375929838714
8,15,18,2.21336396798235,0.242130265106659,1.45149446560198,0.519739237273716
8,15,19,3.69430147840104,0,0,3.69430147840104
8,15,20,1.70841053925952,0,1.70841053925952,0
8,16,17,1.02713767209565,0.234261832899862,0.0573631355263396,0.735512703669451
8,16,18,1.20908019734152,0.618085674172955,0.0550200136395561,0.535974509529006
8,16,19,3.69435789042219,0,3.69435789042831,-6.12657369320253e-12
8,16,20,1.26569102320383,0.675093573353975,4.47871133249034e-13,0.590597449849409
8,17,18,1.22363851354886,0.0209453698723191,0.656099306910165,0.546593836766373
8,17,19,3.69430147840106,0,0,3.69430147840106
8,17,20,1.31547199842185,0.0378712625666021,0.70491885098466,0.572681884870592
8,18,19,3.6943014783901,0,0,3.6943014783901
8,18,20,1.25605473156634,0.664818531077656,0.38130894741469,0.209927253073995
8,19,20,3.69430147839824,0,3.69430147839824,0
9,10,11,3.34590970235862,-2.59350053911306e-13,2.56261580887223,0.783293893486655
9,10,12,3.28333733426378,2.56261580888193,-3.22164356474238e-14,0.720721525381886
9,10,13,2.56261580887099,2.56261580887147,-2.40589552179575e-13,-2.40589552179575e-13
9,10,14,1.26576999687356,-1.80625322783506e-13,0.795117453677603,0.470652543196143
9,10,15,2.56261580887418,-1.89034648141095e-13,2.56261580887437,0
9,10,16,1.04801084797329,-1.89034648141117e-13,1.04801084797348,0
9,10,17,1.57589507098505,-2.03789991471118e-13,-2.40589552179575e-13,1.5758950709855
9,10,18,1.19226190115237,0.789189212550748,-6.99679291964594e-27,0.403072688601623
9,10,19,3.69430147840426,-8.16299743894437e-24,-1.89034648141062e-13,3.69430147840445
9,10,20,2.56261580888106,0.449707690000029,2.11290811888103,-5.73778987465225e-26
9,11,12,3.36768030863668,2.56261580887473,-1.47974580977874e-25,0.805064499761953
9,11,13,3.36022867814734,-2.03775042358885e-13,0.797612869271722,2.56261580887582
9,11,14,3.36766993867725,2.56261580888205,0.805054129796738,-1.53685315493534e-12
9,11,15,3.36766993871142,2.56261580888517,0.805054129826242,0
9,11,16,3.47601290363322,2.31729366413688,0.805054129824589,0.353665109671745
9,11,17,3.39069307741678,-2.69178743984423e-13,0.805054129828395,2.58563894758865
9,11,18,3.34590947971536,2.56261580887994,0.783293670832263,3.15973778089417e-12
9,11,19,4.3390195941351,-2.40589552179575e-13,0.644718115741178,3.69430147839416
9,11,20,3.36766993869941,2.56261580887662,0.805054129822794,-9.65004905261925e-21
9,12,13,3.2875887479577,-1.16796749690557e-13,0.724972939078264,2.56261580887955
9,12,14,3.27488133179508,2.56261580887491,0.712265522920162,0
9,12,15,3.28434058238129,2.56261580888367,0.721724773497624,0
9,12,16,3.53001785528145,2.08078223879421,0.754607242889276,0.694628373597964
9,12,17,3.39070344733064,-2.03775042359367e-13,0.805064499751323,2.58563894757953
9,12,18,3.27488133179666,2.56261580887725,0.712265522917483,1.92738313758124e-12
9,12,19,4.18755384936581,-2.40589552179575e-13,0.493252370974154,3.6943014783919
9,12,20,3.33265687890381,2.56261580889123,0.770041070012576,0
9,13,14,2.56261580887097,-2.03775042358883e-13,2.56261580887749,-6.31396067560899e-12
9,13,15,2.5626158088708,-2.40468519767144e-13,2.26376994663979,0.298845862231246
9,13,16,3.34730228596974,0.785841750588662,-7.37389948947028e-14,2.56146053538115
9,13,17,2.58563894758161,-1.8903464814109e-13,-2.40589552179575e-13,2.58563894758204
9,13,18,2.5626158088775,-2.59350053911306e-13,2.56261580887776,1.32422150528158e-24
9,13,19,3.69430147838849,-1.60360346466037e-13,-1.69765555904321e-13,3.69430147838882
9,13,20,2.5626158088821,2.5626158088821,0,7.87058676884864e-26
9,14,15,2.56261580888272,2.56261580888047,2.25244444072632e-12,0
9,14,16,1.39056862404339,0.851673342352099,0.538895281693691,-2.39794689354171e-12
9,14,17,1.93502504451182,0.87981515103125,0.767719808482252,0.287490084998316
9,14,18,1.31286591217893,0.856108847779117,0.407743699898163,0.049013364501653
9,14,19,3.69430147840314,-2.40589552179575e-13,0,3.69430147840338
9,14,20,2.56261580887781,2.56261580887781,0,4.30334240598919e-26
9,15,16,2.81068157034615,2.00091782811593,0,0.809763742230214
9,15,17,2.58563894757826,1.52815808391563e-13,0,2.58563894757811
9,15,18,2.56261580888184,2.56261580888184,0,1.21267434028423e-26
9,15,19,3.6943014784024,5.03011167077938e-15,0,3.69430147840239
9,15,20,2.56261580888653,0.943147642232455,1.61946816665407,-1.32120161587387e-27
9,16,17,1.62872577768129,1.21934599110947,0,0.409379786571814
9,16,18,1.32179689323094,0.835883566629275,5.33578279987837e-13,0.485913326601128
9,16,19,3.69435789041257,-2.40589552179575e-13,3.69435789041706,-4.25649636783926e-12
9,16,20,2.87952476411281,1.84503544150321,1.0344893226096,0
9,17,18,1.86689872060882,0.881973024484155,0.308221425861576,0.676704270263088
9,17,19,3.69430147839475,9.13118097506824e-24,0,3.69430147839475
9,17,20,2.58563894758163,-1.7016317755109e-13,2.5856389475818,0
9,18,19,3.69430147839521,-1.89034648141095e-13,0,3.6943014783954
9,18,20,2.56261580887428,2.56261580887428,0,5.09606337551351e-27
9,19,20,3.69430147839664,-2.40589552179575e-13,3.69430147839688,0
10,11,12,3.36768030863816,2.56261580888239,2.67189433924493e-27,0.805064499755776
10,11,13,3.36022867815334,-2.03775042358883e-13,0.797612869269656,2.56261580888389
10,11,14,3.36326087264464,2.56261580888045,0.800645063768343,-4.14446558070281e-12
10,11,15,3.36766993870552,2.27016453318065,0.805054129824074,0.292451275700795
10,11,16,3.4982014192129,2.26705196888044,0.805054129827674,0.426095320504786
10,11,17,3.39069307740289,-2.0377504235866e-13,0.805054129816908,2.58563894758619
10,11,18,3.32920634721369,2.56261580888031,0.766590538333444,-6.44040033158846e-14
10,11,19,4.35530211474416,-2.40589552179575e-13,0.661000636355099,3.69430147838931
10,11,20,3.36766993870476,2.56261580888063,0.805054129824124,0
10,12,13,3.28758874796211,-2.36066631731481e-13,0.724972939076446,2.5626158088859
10,12,14,3.265422308239,2.56261580887816,0.702806499360839,0
10,12,15,3.27488155882156,2.56261580888129,0.712265749940262,0
10,12,16,3.58882269390842,1.91954489626111,0.742203949127685,0.927073848519619
10,12,17,3.39070344734813,-8.04061187873728e-14,0.805064499757534,2.58563894759068
10,12,18,3.27387808368093,2.56261580887865,0.71126227480228,0
10,12,19,4.20050365173915,-3.58107667871567e-14,0.506202173342747,3.69430147839643
10,12,20,3.34096131782032,2.56261580888415,0.77834550893617,9.57304942244612e-24
10,13,14,2.56261580887399,-2.03775042358883e-13,2.56261580887419,1.88554344894e-24
10,13,15,2.5626158088733,-2.40589552179575e-13,2.56261580887354,0
10,13,16,3.34764548636335,0.785064638345804,-4.4712971582764e-28,2.56258084801754
10,13,17,2.58563894758894,-1.89034648140217e-13,-1.6976555590432e-13,2.5856389475893
10,13,18,2.56261580888588,2.56261580888588,0,0
10,13,19,3.69430147839401,-1.89034648141103e-13,-2.40589552179575e-13,3.69430147839444
10,13,20,2.56261580888202,1.712913628621,0.849702180261023,3.77486175963964e-27
10,14,15,2.56261580888395,2.56261580888062,3.32155250469084e-12,0
10,14,16,1.39872069955105,0.853973250396798,0.544747449154254,0
10,14,17,1.95893930907381,0.196666381262266,0.752450062382213,1.00982286542934
10,14,18,1.31827878820561,0.843182541708972,0.426097050895118,0.0489991956015179
10,14,19,3.69430147839255,-2.40589552179575e-13,0,3.69430147839279
10,14,20,2.56261580887865,2.56261580888,-1.34750109579479e-12,0
10,15,16,2.8602090479962,1.88877222593287,0,0.971436822063336
10,15,17,2.5856389475959,-1.89034648141353e-13,0,2.58563894759609
10,15,18,2.56261580888211,2.08243101903102,0.480184789851083,1.56597780810051e-27
10,15,19,3.69430147839817,-1.89034648141095e-13,0,3.69430147839836
10,15,20,2.56261580887785,2.56261580889529,-1.74410271254004e-11,3.90462263262725e-26
10,16,17,1.65259642621673,0.0817785122599457,0,1.57081791395679
10,16,18,1.33082600727389,0.846471666586158,1.3896480008841e-13,0.484354340687597
10,16,19,3.69435789042335,-1.89034648141095e-13,3.69435789042684,-3.30592141564141e-12
10,16,20,2.9683765467722,1.27953195626015,1.38507627933962,0.30376831117243
10,17,18,1.89816170751681,0.202738077561149,0.998491942402166,0.696931687553498
10,17,19,3.69430147839708,-2.40589552179575e-13,0,3.69430147839732
10,17,20,2.58563894758393,-2.59350053911306e-13,2.58563894758419,-1.14151819611503e-24
10,18,19,3.6943014783943,-2.42453194141967e-13,0,3.69430147839455
10,18,20,2.56261580888437,2.56261580888437,3.01988940771171e-27,1.69868779183784e-27
10,19,20,3.69430147838947,-1.89034648141095e-13,3.69430147838966,0
11,12,13,3.36768030865128,0,0.805064499767362,2.56261580888392
11,12,14,0.816380678255895,0.0325287928111816,0.771155573720513,0.0126963117242005
11,12,15,1.44868788713813,-8.00978479623536e-27,0.594482617512765,0.854205269625369
11,12,16,1.12671786245739,0.699654117915827,0,0.42706374454156
11,12,17,1.46058395444514,0.146503145850996,0.562053795146225,0.752027013447921
11,12,18,0.769045859265123,7.85171246005045e-26,0.0211428349808755,0.747903024284247
11,12,19,1.9627418327771,0.117323981126386,1.38777921265188,0.457638638998841
11,12,20,0.993452462134277,0,0.805064499751976,0.1883879623823
11,13,14,3.27326685494649,0.710651046070302,2.5626158088778,-1.61612074282824e-12
11,13,15,3.36766993869307,0.805054129818165,0.530879490355782,2.03173631851912
11,13,16,4.11903792984404,0.42468003940744,-2.40054272575175e-13,3.69435789043684
11,13,17,3.39069307741202,0.805054129830455,-2.0689139580897e-24,2.58563894758156
11,13,18,3.24301153072779,0.680395721847122,2.56261580888067,0
11,13,19,4.25190409669426,0.557602618295675,-1.69765555904321e-13,3.69430147839875
11,13,20,3.34983818495362,0.78722237607622,2.5626158088774,0
11,14,15,1.40657062299437,0,0.552365353370004,0.854205269624371
11,14,16,0.847841608836035,0.404543291968784,0,0.443298316867251
11,14,17,1.43331497527735,-2.51301099760385e-27,0.574173854946626,0.859141120330728
11,14,18,0.521305801254158,0.0365572344124107,0.439528073684735,0.0452204931570116
11,14,19,1.69437444947178,0.805054129834987,0.431681680637949,0.45763863899884
11,14,20,0.58738558078397,0.0481153263320056,0.539270254451965,0
11,15,16,1.66658790989381,0.535663997927543,0.227628261495288,0.90329565047098
11,15,17,1.33717776566142,0.570709413272324,1.43909375536346e-12,0.766468352387656
11,15,18,1.39891602819127,-2.54041794258203e-20,0.854205269627018,0.544710758564253
11,15,19,4.2113216530076,0.517020174608047,0,3.69430147839955
11,15,20,2.24923525621507,0.540824716964078,1.70841053925099,0
11,16,17,1.31249788794589,0.590716635149818,0.0608429302950537,0.660938322501017
11,16,18,0.765545551185569,0.466539624471375,0.294786912941489,0.00421901377270438
11,16,19,4.00416843954169,0.30981753726645,3.2367122632764,0.45763863899884
11,16,20,0.880729248698389,0.41332132190463,0.467407926793759,0
11,17,18,1.22278409455813,0.574077163675278,0.648706930882849,7.54972351927928e-26
11,17,19,4.25395246453554,0.559650986133999,0,3.69430147840154
11,17,20,1.37961273209845,0.591090091889265,0.788522640209186,0
11,18,19,1.69071851592574,0.805054129823478,0.428025747103417,0.45763863899884
11,18,20,0.5813067659264,0.0511075113624278,0.530199254563972,-7.66447931677232e-24
11,19,20,1.76552529578016,1.30788665678132,0.45763863899884,0
12,13,14,3.2790359201796,0.716420111294919,2.56261580888468,0
12,13,15,3.28861844093457,0.726002632058707,2.56261580887586,0
12,13,16,4.14475506141392,0.450397171002457,-2.99239940824166e-13,3.69435789041176
12,13,17,3.39070344733524,0.805064499754646,1.12159363435901e-13,2.58563894758048
12,13,18,3.27903592017457,0.716420111296617,2.56261580887796,1.57883593096928e-25
12,13,19,4.20406156430263,0.509760085915618,-2.40589552179575e-13,3.69430147838725
12,13,20,3.33757409138103,0.774958282497326,2.56261580888371,0
12,14,15,1.2826836362587,1.41557315986486e-27,0.428478366632742,0.854205269625959
12,14,16,0.84921447202549,0,0.466974321729414,0.382240150296076
12,14,17,1.05833422781029,0.0236465719119219,0.515896129676513,0.518791526221851
12,14,18,0.489994761118723,1.79683419758847e-25,0.489994761117502,1.22121188279972e-12
12,14,19,1.12646239488981,0.668823755897587,-6.61787455085658e-12,0.457638638998839
12,14,20,0.55624118136168,4.69237965893765e-23,0.55624118136168,0
12,15,16,1.49684903444426,0.436704533885925,0.387894846548629,0.672249654009705
12,15,17,1.28397847194696,0.538869192724302,0.455029127415677,0.290080151806976
12,15,18,1.28530280660278,0,0.85420526962754,0.431097536975243
12,15,19,4.05087283964169,0.356571361242361,0,3.69430147839933
12,15,20,2.14825720228149,0.439846663023268,1.70841053925822,6.53060521572056e-24
12,16,17,1.15525810314964,0.537771038483357,0.200598910288369,0.416888154377912
12,16,18,0.799215234331114,0.121930104150601,0.381689830534059,0.295595299646454
12,16,19,4.07841174701626,0.384060844736605,3.23671226328081,0.45763863899884
12,16,20,0.998285082070662,0.047791340989752,0.53650902050801,0.4139847205729
12,17,18,1.02576685584038,0.506637714257044,0.519129141581878,1.46253716645288e-12
12,17,19,4.21038043131543,0.516078952918392,0,3.69430147839704
12,17,20,1.31669528221748,0.615814279663781,0.700881002553698,-9.05966822313513e-27
12,18,19,1.12083631421463,0.663197675215796,0,0.457638638998839
12,18,20,0.548373774987401,0,0.548373774987401,0
12,19,20,1.18984068159371,0.732202042594864,0.457638638998845,0
13,14,15,2.56261580888652,2.56261580888652,2.49140876136216e-26,0
13,14,16,1.16394765389869,0.684668344859329,0.458801962092853,0.0204773469465125
13,14,17,1.72965556061958,0.71954199514324,0.702444937921456,0.307668627554881
13,14,18,2.5626158088717,2.5626158088717,0,1.37593711138865e-25
13,14,19,3.69430147839955,-1.69765555904321e-13,0,3.69430147839972
13,14,20,2.56261580887982,2.56261580887982,0,9.76745480306756e-27
13,15,16,3.68187048888936,-4.75669202295216e-14,0.0282753580793811,3.65359513081003
13,15,17,2.58563894758071,-2.40754419790555e-13,0,2.58563894758095
13,15,18,2.56261580887838,0.530879490356642,2.03173631852174,0
13,15,19,3.6943014783916,-1.69765555904355e-13,0,3.69430147839177
13,15,20,2.56261580887705,2.56261580887705,-5.54023082603586e-25,-4.10516216360811e-26
13,16,17,1.41543120883554,0.955210104897881,0.0377592962206401,0.422461807717019
13,16,18,3.29950864425832,0.894061409201712,2.40544723505661,0
13,16,19,3.69435789041747,-1.69765555904321e-13,3.69435789042113,-3.49477172533014e-12
13,16,20,3.69435789042207,-2.42822847099947e-13,3.69435789042231,0
13,17,18,2.58563894757989,9.31976987782003e-14,2.5856389475798,-3.56214829948394e-24
13,17,19,3.69430147840226,-1.89034648141095e-13,0,3.69430147840245
13,17,20,2.58563894758764,-1.86793791756478e-15,2.58563894758764,-1.63829802526484e-22
13,18,19,3.69430147839515,-1.69765555904321e-13,0,3.69430147839532
13,18,20,2.56261580888482,2.56261580888482,0,-9.1710266450445e-24
13,19,20,3.69430147840045,-1.69765555904321e-13,3.69430147840062,0
14,15,16,1.41839535881026,0.343503457008637,0.354502146762463,0.720389755039162
14,15,17,1.37128753527917,0.513056444663599,0.40610683036729,0.452124260248279
14,15,18,1.19980297824676,0.345597708618682,0.854205269626883,1.19304469572286e-12
14,15,19,3.69430147840415,0,0,3.69430147840415
14,15,20,2.07335562892262,0.364945089669425,1.7084105392532,0
14,16,17,0.941912090252953,0.470156414206091,0.101982263581859,0.369773412465003
14,16,18,0.458495714255122,0.267826953457551,0.190668760789097,8.47347996007531e-12
14,16,19,2.97813409185768,0.222817556507742,2.2976778963511,0.45763863899884
14,16,20,0.657129497503098,0,0.380464729066616,0.276664768436481
14,17,18,0.884251305953653,0.421119318225459,0.423993610690412,0.0391383770377826
14,17,19,3.69430147839515,0,0,3.69430147839515
14,17,20,1.17301508067099,0.578779497620831,0.594235583050161,0
14,18,19,0.897388781192976,0.439750142194136,0,0.45763863899884
14,18,20,0.378173630375932,0.378173630369322,6.61067688128862e-12,2.16465672744775e-22
14,19,20,0.952639039132295,0.0256946828869709,0.45763863899884,0.469305717246484
15,16,17,1.09814520861853,0.195432164283567,0.793110033186381,0.109603011148578
15,16,18,1.33706626146355,0.480709885911305,0.538444199511466,0.317912176040774
15,16,19,3.6943310301856,0,1.93531213504539,1.75901889514022
15,16,20,2.10054102751295,0.633160240703728,1.31117144328836,0.156209343520864
15,17,18,1.34077482913385,0.452043384862292,0.405775001031731,0.482956443239831
15,17,19,1.42838466282642,0,0.0852644296430064,1.34312023318341
15,17,20,1.72375929838916,0,1.72375929838916,1.11726010869657e-22
15,18,19,3.69430147839729,0,4.71839122898547e-12,3.69430147839257
15,18,20,2.08215629567725,1.70841053926032,0.373745756416933,1.27258139640971e-23
15,19,20,3.69430147841087,0,3.69430147841087,0
16,17,18,0.820207145895702,0.0992046536946889,0.305135060620101,0.415867431580912
16,17,19,3.6943350975448,2.20167855718746,0,1.49265654035734
16,17,20,1.2128189621816,0.349460327546267,0.372169864827825,0.491188769807512
16,18,19,2.970808380191,2.44143661144387,0.0717331297482888,0.45763863899884
16,18,20,0.627185527688546,0.33488218973307,0.0128542829376769,0.279449055017799
16,19,20,3.67721327090805,3.21957463190924,0.457638638998813,0
17,18,19,3.69430147839806,0,0,3.69430147839806
17,18,20,1.12809694427162,0.568572716057448,0.559524228214169,0
17,19,20,3.69430147840054,0,3.69430147840054,0
18,19,20,0.947466316322268,0,0.45763863899884,0.489827677323428
