cycle,model1,model2,model3,model4,model5,model6,model7,model8,model9,model10,model11,model12,model13,model14,model15,model16,model17,model18,model19,model20
0,0.01,0.01,0.01,0.01,0.01,0.01,0.01,0.01,0.01,0.01,0.01,0.01,0.01,0.01,0.01,0.01,0.01,0.01,0.01,0.01
1,0.020574840812,0.039823549232,0.027136731147,0.0099,0.030972159986,0.02698325123,0.04655550702,0.0099,0.050672178797,0.048495240949,0.0099,0.0099,0.050924436999,0.0099,0.02698325123,0.016943807305,0.027136731147,0.0099,0.04182833154,0.0099
2,0.042329903133,0.14126048441,0.073640170499,0.009801,0.088783954407,0.072809538142,0.19722005757,0.009801,0.22269910036,0.21047876612,0.009801,0.009801,0.21440725833,0.009801,0.072809538142,0.028707706141,0.073640170499,0.009801,0.16352721476,0.009801
3,0.071482268534,0.30364988544,0.1538915457,0.00970299,0.15234973902,0.10804426852,0.43408710749,0.00970299,0.52309739938,0.5038432985,0.00970299,0.00970299,0.42789097396,0.00970299,0.19646331606,0.042666842656,0.17070825765,0.00970299,0.36587232125,0.00970299
4,0.094051272394,0.41981251168,0.22899945308,0.0096059601,0.20872568881,0.12138626877,0.6920817827,0.0096059601,0.78887901944,0.78421319277,0.0096059601,0.0096059601,0.62860124302,0.0096059601,0.25561338714,0.054276232911,0.24124504641,0.0096059601,0.46724240007,0.0096059601
5,0.10269717608,0.42279741586,0.33626655642,0.009509900499,0.28320945092,0.13498612764,0.70841537592,0.009509900499,0.80156447788,0.79884191008,0.009509900499,0.009509900499,0.64648465265,0.009509900499,0.29837457295,0.060733421836,0.30403939509,0.009509900499,0.46714634047,0.009509900499
6,0.11125662073,0.42274914041,0.34502479718,0.009414801494,0.29750707464,0.14986869779,0.7145635047,0.009414801494,0.80849748528,0.80573438592,0.009414801494,0.009414801494,0.65230685529,0.009414801494,0.31502712525,0.066156845798,0.32395694234,0.009414801494,0.46705124146,0.009414801494
7,0.11973047093,0.42270134772,0.34547475734,0.0093206534791,0.30225828886,0.15866362969,0.7155682791,0.0093206534791,0.81272564664,0.80989924274,0.0093206534791,0.0093206534791,0.65812137314,0.0093206534791,0.32189363064,0.072031310779,0.3293361694,0.0093206534791,0.46695709345,0.0093206534791
8,0.12811958264,0.42265403295,0.34588512884,0.0092274469443,0.3023629068,0.16531951692,0.71618781574,0.0092274469443,0.81436803637,0.8115329693,0.0092274469443,0.0092274469443,0.66023082711,0.0092274469443,0.32238895132,0.078394280386,0.33133306179,0.0092274469443,0.46686388691,0.0092274469443
9,0.13642480322,0.42260719132,0.34627338614,0.0091351724748,0.30246647855,0.17122499545,0.71680115701,0.0091351724748,0.81599400221,0.81315035858,0.0091351724748,0.0091351724748,0.66104049126,0.0091351724748,0.32287931878,0.085286258499,0.33175072106,0.0091351724748,0.46677161244,0.0091351724748
10,0.1446469716,0.42256081812,0.34665776088,0.0090438207501,0.30256901459,0.17129476337,0.71740836487,0.0090438207501,0.81724174106,0.81475157398,0.0090438207501,0.0090438207501,0.66184205877,0.0090438207501,0.32336478258,0.09275076301,0.33216420375,0.0090438207501,0.46668026072,0.0090438207501
11,0.15278691829,0.42251490864,0.34703829186,0.0089533825426,0.30267052527,0.1713638336,0.71800950065,0.0089533825426,0.81847700253,0.81633677722,0.0089533825426,0.0089533825426,0.6626356106,0.0089533825426,0.32384539173,0.095768715277,0.3325735516,0.0089533825426,0.46658982251,0.0089533825426
12,0.15700617674,0.42246945827,0.34741501754,0.0088638487172,0.30277102084,0.17143221314,0.71860462507,0.0088638487172,0.81903233528,0.81790612843,0.0088638487172,0.0088638487172,0.66342122691,0.0088638487172,0.32432119479,0.098820247899,0.33297880598,0.0088638487172,0.46650028868,0.0088638487172
13,0.16128716183,0.42242446239,0.34778797596,0.00877521023,0.30287051145,0.17149990887,0.71919379824,0.00877521023,0.81923160754,0.81945978613,0.00877521023,0.00877521023,0.66419898706,0.00877521023,0.32479223982,0.10194778236,0.33338000781,0.00877521023,0.4664116502,0.00877521023
14,0.16259052467,0.42237991647,0.3481572048,0.0086874581277,0.30296900716,0.17156692766,0.71977707969,0.0086874581277,0.81942888708,0.82099790725,0.0086874581277,0.0086874581277,0.6649689696,0.0086874581277,0.32525857441,0.10515306078,0.33377719763,0.0086874581277,0.46632389809,0.0086874581277
15,0.16300392662,0.42233581602,0.34852274134,0.0086005835464,0.30306651791,0.17163327625,0.72035452832,0.0086005835464,0.81960277885,0.82252064716,0.0086005835464,0.0086005835464,0.66573125232,0.0086005835464,0.32572024564,0.10634457923,0.33417041554,0.0086005835464,0.46623702351,0.0086005835464
16,0.16341319454,0.42229215656,0.34888462252,0.0085145777109,0.30316305356,0.17169896136,0.72092620246,0.0085145777109,0.81976095592,0.82402815967,0.0085145777109,0.0085145777109,0.66648591222,0.0085145777109,0.32617465489,0.10625857339,0.33455970128,0.0085145777109,0.46615101768,0.0085145777109
17,0.16381836979,0.42224893371,0.34924288489,0.0084294319338,0.30325862384,0.17176398961,0.72149215986,0.0084294319338,0.81991755121,0.82552059705,0.0084294319338,0.0084294319338,0.66723302551,0.0084294319338,0.32662361413,0.10617342762,0.33494509416,0.0084294319338,0.4660658719,0.0084294319338
18,0.16421949328,0.42220614308,0.34959756464,0.0083451376145,0.30335323843,0.17182836759,0.72205245769,0.0083451376145,0.82007258055,0.82699811007,0.0083451376145,0.0083451376145,0.66797266768,0.0083451376145,0.32706808377,0.1060891333,0.33532663311,0.0083451376145,0.46598157758,0.0083451376145
19,0.16461660554,0.42216378035,0.34994869759,0.0082616862384,0.30344690687,0.17189210178,0.72260715254,0.0082616862384,0.82022605959,0.82846084795,0.0082616862384,0.0082616862384,0.66870491342,0.0082616862384,0.32750810872,0.10600568192,0.33570435667,0.0082616862384,0.4658981262,0.0082616862384
20,0.16500974668,0.42212184126,0.35029631921,0.008179069376,0.30353963862,0.17195519863,0.72315630045,0.008179069376,0.82037800384,0.82990895845,0.008179069376,0.008179069376,0.6694298367,0.008179069376,0.32794373342,0.10592306506,0.336078303,0.008179069376,0.46581550934,0.008179069376
21,0.16539895641,0.42208032155,0.35064046461,0.0080972786822,0.30363144306,0.17201766452,0.72369995687,0.0080972786822,0.82052842866,0.83068230214,0.0080972786822,0.0080972786822,0.67014751075,0.0080972786822,0.32837500187,0.10584127437,0.33644850986,0.0080972786822,0.46573371865,0.0080972786822
22,0.16578427403,0.42203921704,0.35098116856,0.0080163058954,0.30372232945,0.17207950574,0.72423817673,0.0080163058954,0.82067734922,0.83076037934,0.0080163058954,0.0080163058954,0.67085800806,0.0080163058954,0.32880195764,0.10576030158,0.33681501466,0.0080163058954,0.46565274586,0.0080163058954
23,0.16616573849,0.42199852358,0.35131846547,0.0079361428364,0.30381230698,0.17214072856,0.72477101439,0.0079361428364,0.82082478058,0.83083767578,0.0079361428364,0.0079361428364,0.6715614004,0.0079361428364,0.32922464385,0.10568013852,0.33717785441,0.0079361428364,0.4655725828,0.0079361428364
24,0.16654338829,0.42195823705,0.35165238941,0.0078567814081,0.30390138473,0.17220133914,0.72529852367,0.0078567814081,0.82097073762,0.83091419925,0.0078567814081,0.0078567814081,0.67225775881,0.0078567814081,0.3296431032,0.10560077709,0.33753706575,0.0078567814081,0.46549322137,0.0078567814081
25,0.1669172616,0.42191835339,0.35198297411,0.007778213594,0.30398957171,0.17226134362,0.72582075786,0.007778213594,0.8211152351,0.83098995748,0.007778213594,0.007778213594,0.67294715364,0.007778213594,0.33005737796,0.10552220928,0.33789268499,0.007778213594,0.46541465356,0.007778213594
26,0.16728739618,0.42187886856,0.35231025296,0.0077004314581,0.30407687682,0.17232074805,0.72633776971,0.0077004314581,0.8212582876,0.83106495813,0.0077004314581,0.0077004314581,0.67362965452,0.0077004314581,0.33046750997,0.10544442714,0.33824474803,0.0077004314581,0.46533687142,0.0077004314581
27,0.16765382941,0.42183977858,0.35263425903,0.0076234271435,0.30416330887,0.17237955844,0.72684961144,0.0076234271435,0.82139990957,0.83113920878,0.0076234271435,0.0076234271435,0.6743053304,0.0076234271435,0.33087354065,0.10536742283,0.33859329045,0.0076234271435,0.46525986711,0.0076234271435
28,0.16801659831,0.4218010795,0.35295502503,0.007547192872,0.3042488766,0.17243778073,0.72735633475,0.007547192872,0.82154011533,0.83121271692,0.007547192872,0.007547192872,0.67497424951,0.007547192872,0.33127551103,0.10529118856,0.33893834743,0.007547192872,0.46518363284,0.007547192872
29,0.16837573952,0.42176276742,0.35327258338,0.0074717209433,0.30433358866,0.17249542079,0.72785799083,0.0074717209433,0.82167891902,0.83123238331,0.0074717209433,0.0074717209433,0.67563647943,0.0074717209433,0.33167346171,0.10521571663,0.33927995385,0.0074717209433,0.46510816091,0.0074717209433
30,0.16873128931,0.42172483845,0.35358696614,0.0073970037339,0.3044174536,0.17255248445,0.72835463035,0.0073970037339,0.82181633469,0.83124193408,0.0073970037339,0.0073970037339,0.67629208706,0.0073970037339,0.33206743288,0.10514099942,0.33961814421,0.0073970037339,0.4650334437,0.0073970037339
31,0.16908328361,0.42168728877,0.35389820507,0.0073230336965,0.30450047989,0.17260897748,0.72884630347,0.0073230336965,0.82195237619,0.83125138935,0.0073230336965,0.0073230336965,0.6769411386,0.0073230336965,0.33245746434,0.10506702938,0.33995295266,0.0073230336965,0.46495947366,0.0073230336965
32,0.16943175797,0.42165011459,0.35420633162,0.0072498033596,0.30458267591,0.17266490557,0.72933305987,0.0072498033596,0.82208705728,0.83126075006,0.0072498033596,0.0072498033596,0.67758369963,0.0072498033596,0.33284359548,0.10499379904,0.34028441303,0.0072498033596,0.46488624333,0.0072498033596
33,0.16977674758,0.42161331215,0.3545113769,0.007177305326,0.30466404997,0.17272027439,0.7298149487,0.007177305326,0.82222039156,0.83127001716,0.007177305326,0.007177305326,0.67821983506,0.007177305326,0.33322586531,0.10492130101,0.34061255879,0.007177305326,0.46481374529,0.007177305326
34,0.1701182873,0.42157687774,0.35481337172,0.0071055322727,0.3047446103,0.17277508951,0.73029201864,0.0071055322727,0.82235239249,0.83127919159,0.0071055322727,0.0071055322727,0.67884960912,0.0071055322727,0.33360431245,0.10484952796,0.34093742309,0.0071055322727,0.46474197224,0.0071055322727
35,0.17045641162,0.42154080767,0.3551123466,0.00703447695,0.30482436502,0.17282935649,0.73076431788,0.00703447695,0.82248307342,0.83128827428,0.00703447695,0.00703447695,0.67947308545,0.00703447695,0.33397897511,0.10477847263,0.34125903876,0.00703447695,0.46467091692,0.00703447695
36,0.17079115469,0.4215050983,0.35540833173,0.0069641321805,0.30490332219,0.17288308079,0.73123189413,0.0069641321805,0.82261244753,0.83129726614,0.0069641321805,0.0069641321805,0.68009032701,0.0069641321805,0.33434989115,0.10470812786,0.34157743826,0.0069641321805,0.46460057215,0.0069641321805
37,0.17112255034,0.42146974602,0.35570135701,0.0068944908587,0.30498148979,0.17293626786,0.73169479461,0.0068944908587,0.82274052791,0.83130616808,0.0068944908587,0.0068944908587,0.68069998588,0.0068944908587,0.33471709802,0.10463848654,0.34189265377,0.0068944908587,0.46453093083,0.0068944908587
38,0.17145063203,0.42143474727,0.35599145203,0.0068255459501,0.30505887572,0.17298892305,0.73215306609,0.0068255459501,0.82286732748,0.831314981,0.0068255459501,0.0068255459501,0.68129753216,0.0068255459501,0.33508063283,0.10456954163,0.34220471713,0.0068255459501,0.46446198592,0.0068255459501
39,0.1717754329,0.42140009851,0.35627864611,0.0067572904906,0.30513548778,0.17304105169,0.73260675486,0.0067572904906,0.82299285906,0.8313237058,0.0067572904906,0.0067572904906,0.68188910299,0.0067572904906,0.33544053229,0.10450128617,0.34251365985,0.0067572904906,0.46439373046,0.0067572904906
40,0.17209698576,0.42136579623,0.35656296824,0.0066897175857,0.30521133373,0.17309265904,0.73305590674,0.0066897175857,0.82311713532,0.83133234334,0.0066897175857,0.0066897175857,0.6824747581,0.0066897175857,0.33579683275,0.10443371327,0.34281951314,0.0066897175857,0.46432615755,0.0066897175857
41,0.1724153231,0.42133183697,0.35684444715,0.0066228204098,0.30528642121,0.17314375032,0.7335005671,0.0066228204098,0.82324016881,0.83132604935,0.0066228204098,0.0066228204098,0.68305455667,0.0066228204098,0.33614957021,0.10436681609,0.34312230791,0.0066228204098,0.46425926038,0.0066228204098
42,0.17273047706,0.42129821731,0.35712311128,0.0065565922057,0.30536075783,0.17319433069,0.73394078085,0.0065565922057,0.82336197197,0.83131672697,0.0065565922057,0.0065565922057,0.68362855725,0.0065565922057,0.3364987803,0.10430058789,0.34342207472,0.0065565922057,0.46419303217,0.0065565922057
43,0.17304247948,0.42126493385,0.35739898876,0.0064910262837,0.30543435107,0.17324440525,0.73437659247,0.0064910262837,0.82348255711,0.83130749782,0.0064910262837,0.0064910262837,0.68419681782,0.0064910262837,0.33684449828,0.10423502197,0.34371884387,0.0064910262837,0.46412746625,0.0064910262837
44,0.17335136188,0.42123198321,0.35767210747,0.0064261160208,0.30550720838,0.17329397907,0.73480804597,0.0064261160208,0.8235977447,0.83129836096,0.0064261160208,0.0064261160208,0.68449810424,0.0064261160208,0.33718675909,0.1041701117,0.34401264532,0.0064261160208,0.46406255599,0.0064261160208
45,0.17365715545,0.42119936209,0.35794249499,0.0063618548606,0.30557933712,0.17334305715,0.73523518494,0.0063618548606,0.82371066806,0.83128931547,0.0063618548606,0.0063618548606,0.68478363793,0.0063618548606,0.33752559728,0.10410585054,0.34430350876,0.0063618548606,0.46399829483,0.0063618548606
46,0.17395989109,0.42116706718,0.35821017863,0.006298236312,0.30565074457,0.17339164445,0.73565805252,0.006298236312,0.82382246218,0.83128036044,0.006298236312,0.006298236312,0.68506631628,0.006298236312,0.3378610471,0.104042232,0.34459146357,0.006298236312,0.46393467628,0.006298236312
47,0.17425959937,0.42113509521,0.35847518544,0.0062352539489,0.30572143795,0.17343974587,0.73607669142,0.0062352539489,0.82393313837,0.83127149495,0.0062352539489,0.0062352539489,0.68534616785,0.0062352539489,0.33819314241,0.10397924963,0.34487653882,0.0062352539489,0.46387169392,0.0062352539489
48,0.17455631057,0.42110344297,0.35873754218,0.0061729014094,0.3057914244,0.17348736628,0.73649114393,0.0061729014094,0.82404270779,0.83126271812,0.0061729014094,0.0061729014094,0.6856232209,0.0061729014094,0.33852191677,0.10391689709,0.34515876333,0.0061729014094,0.46380934138,0.0061729014094
49,0.17485005465,0.42107210724,0.35899727535,0.0061111723953,0.30586071097,0.17353451049,0.73690145192,0.0061111723953,0.82415118151,0.83125402906,0.0061111723953,0.0061111723953,0.68589750343,0.0061111723953,0.33884740339,0.10385516808,0.34543816559,0.0061111723953,0.46374761236,0.0061111723953
50,0.1751408613,0.42104108488,0.35925441119,0.0060500606714,0.30592930469,0.17358118326,0.73730765683,0.0060500606714,0.82425857051,0.83124542689,0.0060500606714,0.0060500606714,0.68616904312,0.0060500606714,0.33916963515,0.10379405635,0.34571477382,0.0060500606714,0.46368650064,0.0060500606714
51,0.17542875988,0.42101037274,0.35950897568,0.0059895600647,0.30599721246,0.17362738929,0.73770979969,0.0059895600647,0.82436488561,0.83123691074,0.0059895600647,0.0059895600647,0.68643786742,0.0059895600647,0.33948864458,0.10373355575,0.34598861598,0.0059895600647,0.46362600003,0.0059895600647
52,0.17571377947,0.42097996772,0.35976099452,0.005929664464,0.30606444116,0.17367313327,0.73810792112,0.005929664464,0.82447013755,0.83122847975,0.005929664464,0.005929664464,0.68670400348,0.005929664464,0.33980446392,0.10367366015,0.34625971971,0.005929664464,0.46356610443,0.005929664464
53,0.17599594887,0.42094986675,0.36001049317,0.0058703678194,0.30613099757,0.17371841981,0.73850206134,0.0058703678194,0.82457433698,0.83122013307,0.0058703678194,0.0058703678194,0.68696747818,0.0058703678194,0.34011712507,0.1036143635,0.34652811241,0.0058703678194,0.46350680779,0.0058703678194
54,0.17627529657,0.42092006679,0.36025749683,0.0058116641412,0.30619688842,0.17376325348,0.73889226015,0.0058116641412,0.82467749442,0.83121186986,0.0058116641412,0.0058116641412,0.68722831813,0.0058116641412,0.34042665961,0.10355565982,0.34679382118,0.0058116641412,0.46344810411,0.0058116641412
55,0.1765518508,0.42089056483,0.36050203046,0.0057535474998,0.30626212036,0.17380763882,0.73927855698,0.0057535474998,0.82477962028,0.83120368928,0.0057535474998,0.0057535474998,0.68748654968,0.0057535474998,0.3407330988,0.10349754318,0.34705687286,0.0057535474998,0.46338998747,0.0057535474998
56,0.17682563949,0.42086135789,0.36074411875,0.0056960120248,0.30632669998,0.1738515803,0.73966099083,0.0056960120248,0.82488072488,0.83119559051,0.0056960120248,0.0056960120248,0.68774219892,0.0056960120248,0.3410364736,0.10344000771,0.34731729402,0.0056960120248,0.46333245199,0.0056960120248
57,0.17709669028,0.42083244302,0.36098378615,0.0056390519045,0.3063906338,0.17389508236,0.74003960035,0.0056390519045,0.82498081844,0.83118757272,0.0056390519045,0.0056390519045,0.68799529166,0.0056390519045,0.34133681465,0.10338304759,0.34757511098,0.0056390519045,0.46327549187,0.0056390519045
58,0.17736503057,0.42080381729,0.36122105689,0.0055826613855,0.30645392829,0.17393814941,0.74041442378,0.0055826613855,0.82507991106,0.83117963511,0.0055826613855,0.0055826613855,0.68824585347,0.0055826613855,0.34163415229,0.10332665707,0.34783034976,0.0055826613855,0.46321910135,0.0055826613855
59,0.17763068746,0.42077547783,0.36145595491,0.0055268347716,0.30651658983,0.17398078579,0.74078549897,0.0055268347716,0.82517801276,0.83117177688,0.0055268347716,0.0055268347716,0.68849388927,0.0055268347716,0.34192851655,0.10327083045,0.34808303616,0.0055268347716,0.46316327474,0.0055268347716
60,0.17789368778,0.42074742176,0.36168850396,0.0054715664239,0.30657862475,0.1740229958,0.7411528634,0.0054715664239,0.82527513343,0.83116399723,0.0054715664239,0.0054715664239,0.68873323265,0.0054715664239,0.34221993718,0.10321556211,0.34833319569,0.0054715664239,0.46310800639,0.0054715664239
61,0.17815405809,0.42071964625,0.36191872751,0.0054168507597,0.30664003933,0.17406478371,0.7415165542,0.0054168507597,0.82537128291,0.83115629538,0.0054168507597,0.0054168507597,0.6889701826,0.0054168507597,0.34250844359,0.10316084644,0.34858085362,0.0054168507597,0.46305329073,0.0054168507597
62,0.1784118247,0.42069214849,0.36214664883,0.0053626822521,0.30670083976,0.17410615374,0.74187660808,0.0053626822521,0.82546647088,0.83114867054,0.0053626822521,0.0053626822521,0.68920476305,0.0053626822521,0.34279406494,0.10310667794,0.34882603498,0.0053626822521,0.46299912222,0.0053626822521
63,0.17866701365,0.42066492571,0.36237229094,0.0053090554296,0.30676103218,0.17414711008,0.74223306143,0.0053090554296,0.82556070698,0.83114112196,0.0053090554296,0.0053090554296,0.6894369977,0.0053090554296,0.34307683008,0.10305305111,0.34906876452,0.0053090554296,0.4629454954,0.0053090554296
64,0.1789196507,0.42063797516,0.36259567663,0.0052559648753,0.30682062269,0.17418765685,0.74258595024,0.0052559648753,0.82565400071,0.83113364886,0.0052559648753,0.0052559648753,0.68966691,0.0052559648753,0.34335676757,0.10299996056,0.34930906677,0.0052559648753,0.46289240484,0.0052559648753
65,0.17916976139,0.42061129412,0.36281682845,0.0052034052265,0.30687961728,0.17422779815,0.74293531017,0.0052034052265,0.82574636151,0.83112625049,0.0052034052265,0.0052034052265,0.68989452318,0.0052034052265,0.34363390568,0.10294740091,0.349546966,0.0052034052265,0.46283984519,0.0052034052265
66,0.17941737097,0.42058487988,0.36303576876,0.0051513711742,0.30693802193,0.17426753804,0.74328117649,0.0051513711742,0.8258377987,0.8311189261,0.0051513711742,0.0051513711742,0.69011986022,0.0051513711742,0.34390827241,0.10289536686,0.34978248623,0.0051513711742,0.46278781114,0.0051513711742
67,0.17966250445,0.42055872979,0.36325251967,0.0050998574625,0.30699584254,0.17430688053,0.74362358415,0.0050998574625,0.82592832152,0.83111167496,0.0050998574625,0.0050998574625,0.6903429439,0.0050998574625,0.34417989547,0.10284385315,0.35001565126,0.0050998574625,0.46273629743,0.0050998574625
68,0.1799051866,0.4205328412,0.36346710307,0.0050488588879,0.30705308493,0.17434582959,0.74396256774,0.0050488588879,0.82601793911,0.83110449633,0.0050488588879,0.0050488588879,0.69056379673,0.0050488588879,0.3444488023,0.10279285457,0.35024648464,0.0050488588879,0.46268529885,0.0050488588879
69,0.18014544192,0.4205072115,0.36367954063,0.004998370299,0.30710975491,0.17438438917,0.74429816149,0.004998370299,0.82610666053,0.83109738948,0.004998370299,0.004998370299,0.69078244104,0.004998370299,0.34471502007,0.10274236598,0.35047500969,0.004998370299,0.46263481027,0.004998370299
70,0.1803832947,0.42048183809,0.36388985382,0.004948386596,0.30716585818,0.17442256314,0.7446303993,0.004948386596,0.82619449473,0.83109035371,0.004948386596,0.004948386596,0.69099889891,0.004948386596,0.34497857565,0.10269238228,0.35070124948,0.004948386596,0.46258482656,0.004948386596
71,0.18061876894,0.42045671842,0.36409806388,0.00489890273,0.30722140042,0.17446035538,0.74495931474,0.00489890273,0.82628145058,0.83108338829,0.00489890273,0.00489890273,0.6912131922,0.00489890273,0.34523949568,0.10264289841,0.35092522688,0.00489890273,0.4625353427,0.00489890273
72,0.18085188844,0.42043184994,0.36430419184,0.0048499137027,0.30727638724,0.1744977697,0.74528494102,0.0048499137027,0.82636753688,0.83107649253,0.0048499137027,0.0048499137027,0.69141693506,0.0048499137027,0.34549780651,0.10259390939,0.35114696451,0.0048499137027,0.46248635367,0.0048499137027
73,0.18108267675,0.42040723015,0.36450825851,0.0048014145657,0.30733082419,0.17453480987,0.74560731103,0.0048014145657,0.82645276232,0.83106966572,0.0048014145657,0.0048014145657,0.69158506199,0.0048014145657,0.34575353424,0.10254541025,0.35136648475,0.0048014145657,0.46243785453,0.0048014145657
74,0.18131115718,0.42038285655,0.36471028452,0.0047534004201,0.30738471677,0.17457147964,0.74592645735,0.0047534004201,0.8265371355,0.83106290718,0.0047534004201,0.0047534004201,0.69175150764,0.0047534004201,0.34600670468,0.1024973961,0.3515838098,0.0047534004201,0.46238984039,0.0047534004201
75,0.1815373528,0.4203587267,0.36491029027,0.0047058664159,0.30743807043,0.17460778272,0.7462424122,0.0047058664159,0.82662066495,0.83105621623,0.0047058664159,0.0047058664159,0.69191628884,0.0047058664159,0.34625734342,0.1024498621,0.3517989616,0.0047058664159,0.46234230638,0.0047058664159
76,0.18176128646,0.42033483814,0.36510829596,0.0046588077517,0.30749089055,0.17464372276,0.74655520751,0.0046588077517,0.82670335911,0.83104959219,0.0046588077517,0.0046588077517,0.69207942223,0.0046588077517,0.34650547577,0.10240280343,0.35201196187,0.0046588077517,0.46229524772,0.0046588077517
77,0.18198298079,0.42031118846,0.3653043216,0.0046122196742,0.30754318247,0.1746793034,0.74686487486,0.0046122196742,0.82678522632,0.83104303438,0.0046122196742,0.0046122196742,0.69224092429,0.0046122196742,0.3467511268,0.10235621536,0.35222283215,0.0046122196742,0.46224865964,0.0046122196742
78,0.18220245817,0.42028777528,0.36549838698,0.0045660974774,0.30759495147,0.17471452824,0.74717144554,0.0045660974774,0.82686627487,0.83103654216,0.0045660974774,0.0045660974774,0.69240081132,0.0045660974774,0.34699432132,0.10231009316,0.35243159372,0.0045660974774,0.46220253744,0.0045660974774
79,0.18241974078,0.42026459624,0.3656905117,0.0045204365027,0.30764620277,0.17474940083,0.74747495051,0.0045204365027,0.82694651292,0.83103011486,0.0045204365027,0.0045204365027,0.69255909949,0.0045204365027,0.3472350839,0.10226443219,0.35263826767,0.0045204365027,0.46215687647,0.0045204365027
80,0.18263485057,0.42024164898,0.36588071518,0.0044752321376,0.30769694157,0.17478392469,0.74777542043,0.0044752321376,0.8270259486,0.83102375183,0.0044752321376,0.0044752321376,0.69271580477,0.0044752321376,0.34747343885,0.10221922782,0.35284287489,0.0044752321376,0.4621116721,0.0044752321376
81,0.18284780925,0.4202189312,0.36606901662,0.0044304798163,0.30774717298,0.17481810331,0.74807288566,0.0044304798163,0.82710458992,0.83101745243,0.0044304798163,0.0044304798163,0.692870943,0.0044304798163,0.34770941024,0.1021744755,0.35304543604,0.0044304798163,0.46206691978,0.0044304798163
82,0.18305863835,0.4201964406,0.36625543505,0.0043861750181,0.30779690207,0.17485194015,0.74836737623,0.0043861750181,0.82718244483,0.83101121602,0.0043861750181,0.0043861750181,0.69302452985,0.0043861750181,0.34794302193,0.1021301707,0.35324597157,0.0043861750181,0.46202261498,0.0043861750181
83,0.18326735916,0.4201741749,0.3664399893,0.0043423132679,0.30784613387,0.17488543862,0.74865892189,0.0043423132679,0.82725952118,0.83100504198,0.0043423132679,0.0043423132679,0.69317658083,0.0043423132679,0.3481742975,0.10208630895,0.35344450175,0.0043423132679,0.46197875323,0.0043423132679
84,0.18347399276,0.42015213186,0.366622698,0.0042988901352,0.30789487336,0.1749186021,0.7489475521,0.0042988901352,0.82733582678,0.83099892968,0.0042988901352,0.0042988901352,0.6933271113,0.0042988901352,0.34840326031,0.10204288582,0.35364104662,0.0042988901352,0.4619353301,0.0042988901352
85,0.18367856003,0.42013030925,0.36680357961,0.0042559012339,0.30794312545,0.17495143395,0.74923329601,0.0042559012339,0.82741136931,0.8309928785,0.0042559012339,0.0042559012339,0.69347613646,0.0042559012339,0.34862993349,0.10199989692,0.35383562605,0.0042559012339,0.4618923412,0.0042559012339
86,0.18388108162,0.42010870486,0.36698265241,0.0042133422215,0.30799089502,0.17498393748,0.74951618247,0.0042133422215,0.82748615643,0.83098688784,0.0042133422215,0.0042133422215,0.69362367138,0.0042133422215,0.34885433994,0.1019573379,0.35402825968,0.0042133422215,0.46184978219,0.0042133422215
87,0.184081578,0.42008731652,0.36715993448,0.0041712087993,0.30803818689,0.17501611598,0.74979624008,0.0041712087993,0.82756019567,0.83098095708,0.0041712087993,0.0041712087993,0.69376973094,0.0041712087993,0.34907650233,0.10191520448,0.35421896698,0.0041712087993,0.46180764877,0.0041712087993
88,0.18428006941,0.42006614206,0.36733544373,0.0041294967113,0.30808500584,0.17504797269,0.7500734971,0.0041294967113,0.82763349452,0.83097508563,0.0041294967113,0.0041294967113,0.69391432991,0.0041294967113,0.3492964431,0.10187349239,0.3544077672,0.0041294967113,0.46176593668,0.0041294967113
89,0.18447657591,0.42004517935,0.36750919789,0.0040882017442,0.30813135661,0.17507951083,0.75034798156,0.0040882017442,0.82770606038,0.83096927289,0.0040882017442,0.0040882017442,0.69405748289,0.0040882017442,0.34951418445,0.10183219743,0.35459467942,0.0040882017442,0.46172464171,0.0040882017442
90,0.18467111734,0.42002442626,0.36768121451,0.0040473197268,0.30817724386,0.17511073359,0.75060845228,0.0040473197268,0.82777790058,0.83096351828,0.0040473197268,0.0040473197268,0.69419920434,0.0040473197268,0.34972974839,0.10179131541,0.35477972252,0.0040473197268,0.46168375969,0.0040473197268
91,0.18486371336,0.42000388071,0.36785151096,0.0040068465295,0.30822267225,0.17514164412,0.75084881359,0.0040068465295,0.82784902238,0.83095782122,0.0040068465295,0.0040068465295,0.69433950857,0.0040068465295,0.3499431567,0.10175084221,0.35496291519,0.0040068465295,0.4616432865,0.0040068465295
92,0.18505438342,0.41998354061,0.36802010444,0.0039667780642,0.30826764635,0.17517224555,0.75108677128,0.0039667780642,0.82791943296,0.83095218112,0.0039667780642,0.0039667780642,0.69447840976,0.0039667780642,0.35015443092,0.10171077375,0.35514427593,0.0039667780642,0.46160321803,0.0039667780642
93,0.18524314678,0.41996340391,0.36818701199,0.0039271102836,0.30831217071,0.17520254097,0.7513223494,0.0039271102836,0.82798913944,0.83094659743,0.0039271102836,0.0039271102836,0.69461592194,0.0039271102836,0.3503635924,0.10167110597,0.35532382306,0.0039271102836,0.46156355025,0.0039271102836
94,0.1854300225,0.41994346858,0.36835225047,0.0038878391807,0.30835624983,0.17523253343,0.75155557174,0.0038878391807,0.82805814885,0.83094106958,0.0038878391807,0.0038878391807,0.694752059,0.0038878391807,0.35057066226,0.10163183486,0.35550157473,0.0038878391807,0.46152427915,0.0038878391807
95,0.18561502947,0.4199237326,0.36851583656,0.0038489607889,0.30839988815,0.17526222596,0.75178646186,0.0038489607889,0.82812646816,0.830935597,0.0038489607889,0.0038489607889,0.69488683469,0.0038489607889,0.35077566142,0.10159295647,0.35567754887,0.0038489607889,0.46148540076,0.0038489607889
96,0.18579818636,0.41990419398,0.36867778679,0.003810471181,0.30844309009,0.17529162158,0.75201504307,0.003810471181,0.82819410429,0.83093017915,0.003810471181,0.003810471181,0.69502026262,0.003810471181,0.3509786106,0.10155446686,0.35585176328,0.003810471181,0.46144691115,0.003810471181
97,0.18597951169,0.41988485075,0.36883811752,0.0037723664692,0.30848586001,0.17532072323,0.75224133847,0.0037723664692,0.82826106405,0.83092481548,0.0037723664692,0.0037723664692,0.69515235627,0.0037723664692,0.35117953028,0.10151636215,0.35602423554,0.0037723664692,0.46140880644,0.0037723664692
98,0.18615902377,0.41986570095,0.36899684494,0.0037346428045,0.30852820224,0.17534953387,0.75246537092,0.0037346428045,0.82832735422,0.83091950544,0.0037346428045,0.0037346428045,0.69528312899,0.0037346428045,0.35137844076,0.10147863849,0.35619498307,0.0037346428045,0.46137108277,0.0037346428045
99,0.18633674072,0.41984674264,0.36915398508,0.0036972963765,0.30857012104,0.1753780564,0.75268716304,0.0036972963765,0.82839298148,0.8309142485,0.0036972963765,0.0036972963765,0.69541259397,0.0036972963765,0.35157536214,0.10144129206,0.35636402314,0.0036972963765,0.46133373634,0.0036972963765
100,0.18646491479,0.41982797393,0.36930955383,0.0036603234127,0.30861162065,0.1754062937,0.75290673725,0.0036603234127,0.82845795247,0.83090904414,0.0036603234127,0.0036603234127,0.69554076431,0.0036603234127,0.35177031431,0.1014043191,0.3565313728,0.0036603234127,0.46129676338,0.0036603234127
101,0.18658908273,0.41980939289,0.36946356688,0.0036237201786,0.30865270527,0.17543424864,0.75312411571,0.0036237201786,0.82852227375,0.83090389182,0.0036237201786,0.0036237201786,0.69566765295,0.0036237201786,0.35196331695,0.10136771586,0.35669704896,0.0036237201786,0.46126016015,0.0036237201786
102,0.18671200899,0.41979099767,0.36961603981,0.0035874829768,0.30869337904,0.17546192402,0.75333224933,0.0035874829768,0.82858595182,0.83089879102,0.0035874829768,0.0035874829768,0.6957932727,0.0035874829768,0.35215438957,0.10133147866,0.35686106837,0.0035874829768,0.46122392294,0.0035874829768
103,0.18683370599,0.4197727864,0.369766988,0.0035516081471,0.30873364607,0.17548932265,0.75353661509,0.0035516081471,0.82864899311,0.83089374123,0.0035516081471,0.0035516081471,0.69591763625,0.0035516081471,0.35234355146,0.10129560383,0.35702344758,0.0035516081471,0.46118804811,0.0035516081471
104,0.18695418601,0.41975475725,0.36991642672,0.0035160920656,0.30877351043,0.17551644729,0.75373893719,0.0035160920656,0.82871140398,0.83088874193,0.0035160920656,0.0035160920656,0.69604075616,0.0035160920656,0.35253082173,0.10126008775,0.35718420299,0.0035160920656,0.46115253203,0.0035160920656
105,0.18707346124,0.41973690838,0.37006437105,0.0034809311449,0.30881297615,0.17554330069,0.75393923607,0.0034809311449,0.82877319075,0.83088379263,0.0034809311449,0.0034809311449,0.69616264488,0.0034809311449,0.3527162193,0.10122492683,0.35734335086,0.0034809311449,0.46111737111,0.0034809311449
106,0.18719154371,0.419719238,0.37021083593,0.0034461218335,0.30885204721,0.17556988556,0.75413753196,0.0034461218335,0.82883435964,0.83087889283,0.0034461218335,0.0034461218335,0.69628331471,0.0034461218335,0.3528997629,0.10119011752,0.35750090724,0.0034461218335,0.4610825618,0.0034461218335
107,0.18730844536,0.41970174433,0.37035583617,0.0034116606151,0.30889072756,0.17559620457,0.7543338449,0.0034116606151,0.82889491685,0.83087404202,0.0034116606151,0.0034116606151,0.69640277784,0.0034116606151,0.35308147105,0.1011556563,0.35765688806,0.0034116606151,0.46104810058,0.0034116606151
108,0.187424178,0.4196844256,0.3704993864,0.003377544009,0.30892902111,0.17562226039,0.7545281947,0.003377544009,0.82895486849,0.83086923972,0.003377544009,0.003377544009,0.69652104634,0.003377544009,0.35326136213,0.10112153969,0.35781130907,0.003377544009,0.46101398398,0.003377544009
109,0.1875387533,0.41966728005,0.37064150113,0.0033437685689,0.30896693172,0.17564805566,0.754720601,0.0033437685689,0.82901422061,0.83086448544,0.0033437685689,0.0033437685689,0.69659461917,0.0033437685689,0.3534394543,0.10108776425,0.35796418588,0.0033437685689,0.46098020854,0.0033437685689
110,0.18765218286,0.41965030595,0.37078219472,0.0033103308832,0.30900446323,0.17567359297,0.75491108324,0.0033103308832,0.82907297921,0.8308597787,0.0033103308832,0.0033103308832,0.69666322864,0.0033103308832,0.35361576554,0.10105432657,0.35811553391,0.0033103308832,0.46094677085,0.0033103308832
111,0.18776447812,0.4196335016,0.37092148136,0.0032772275744,0.30904161942,0.17569887491,0.75509966066,0.0032772275744,0.82913115022,0.83085511903,0.0032772275744,0.0032772275744,0.69673115201,0.0032772275744,0.35379031367,0.10102122326,0.35826536847,0.0032772275744,0.46091366754,0.0032772275744
112,0.18787565042,0.41961686529,0.37105937514,0.0032444552986,0.30907840405,0.17572390404,0.75528635231,0.0032444552986,0.82918873953,0.83085050596,0.0032444552986,0.0032444552986,0.69679839615,0.0032444552986,0.35396311632,0.10098845098,0.35841370467,0.0032444552986,0.46088089527,0.0032444552986
113,0.187985711,0.41960039535,0.37119588999,0.0032120107456,0.30911482083,0.17574868286,0.75547117704,0.0032120107456,0.82924575294,0.83084593902,0.0032120107456,0.0032120107456,0.69686496785,0.0032120107456,0.35413419095,0.10095600643,0.35856055752,0.0032120107456,0.46084845071,0.0032120107456
114,0.18809467098,0.4195840901,0.37133103968,0.0031798906382,0.30915087345,0.17577321391,0.75565415352,0.0031798906382,0.82930219621,0.83084141775,0.0031798906382,0.0031798906382,0.69693087383,0.0031798906382,0.35430355482,0.10092388632,0.35870594184,0.0031798906382,0.4608163306,0.0031798906382
115,0.18820254136,0.41956794791,0.37146483788,0.0031480917318,0.30918656554,0.17579749964,0.75583530023,0.0031480917318,0.82935807506,0.83083694169,0.0031480917318,0.0031480917318,0.69699612075,0.0031480917318,0.35447122506,0.10089208741,0.35884987231,0.0031480917318,0.4607845317,0.0031480917318
116,0.18830933303,0.41955196714,0.3715972981,0.0031166108145,0.3092219007,0.17582154251,0.75601463548,0.0031166108145,0.82941339511,0.8308325104,0.0031166108145,0.0031166108145,0.6970607152,0.0031166108145,0.3546372186,0.1008606065,0.35899236348,0.0031166108145,0.46075305078,0.0031166108145
117,0.18841505679,0.41953614617,0.37172843371,0.0030854447063,0.30925688252,0.17584534496,0.75619217738,0.0030854447063,0.82946816196,0.83082812341,0.0030854447063,0.0030854447063,0.69712466371,0.0030854447063,0.3548015522,0.10082944039,0.35913342974,0.0030854447063,0.46072188467,0.0030854447063
118,0.18851972331,0.41952048342,0.37185825797,0.0030545902593,0.30929151452,0.17586890938,0.75636794386,0.0030545902593,0.82952238115,0.8308237803,0.0030545902593,0.0030545902593,0.69718797273,0.0030545902593,0.35496424247,0.10079858594,0.35927308534,0.0030545902593,0.46069103023,0.0030545902593
119,0.18862334316,0.41950497729,0.37198678398,0.0030240443567,0.3093258002,0.17589223815,0.75654195267,0.0030240443567,0.82957605814,0.83081948061,0.0030240443567,0.0030240443567,0.69725064866,0.0030240443567,0.35512530583,0.10076804004,0.35941134438,0.0030240443567,0.46066048432,0.0030240443567
120,0.18872592682,0.41948962623,0.37211402474,0.0029938039131,0.30935974302,0.17591533364,0.7567142214,0.0029938039131,0.82962919837,0.83081522392,0.0029938039131,0.0029938039131,0.69731269784,0.0029938039131,0.35528475856,0.1007377996,0.35954822083,0.0029938039131,0.46063024388,0.0029938039131
121,0.18882748463,0.41947442867,0.37223999309,0.002963865874,0.30939334641,0.17593819818,0.75688476743,0.002963865874,0.82968180719,0.8308110098,0.002963865874,0.002963865874,0.69737412652,0.002963865874,0.35544261676,0.10070786156,0.35968372851,0.002963865874,0.46060030584,0.002963865874
122,0.18892802688,0.41945938309,0.37236470175,0.0029342272153,0.30942661377,0.17596083406,0.75705360801,0.0029342272153,0.82973388992,0.83080683783,0.0029342272153,0.0029342272153,0.69743494091,0.0029342272153,0.35559889638,0.1006782229,0.35981788112,0.0029342272153,0.46057066718,0.0029342272153
123,0.18902756369,0.41944448797,0.37248816333,0.0029048849431,0.30945954846,0.17598324359,0.75722076018,0.0029048849431,0.82978545183,0.83080270757,0.0029048849431,0.0029048849431,0.69749514716,0.0029048849431,0.3557536132,0.10064888063,0.3599506922,0.0029048849431,0.46054132491,0.0029048849431
124,0.18912610514,0.4194297418,0.37261039029,0.0028758360937,0.30949215379,0.17600542903,0.75738624083,0.0028758360937,0.82983649812,0.83079861861,0.0028758360937,0.0028758360937,0.69755475135,0.0028758360937,0.35590678286,0.10061983178,0.36008217517,0.0028758360937,0.46051227606,0.0028758360937
125,0.18922366118,0.41941514308,0.37273139498,0.0028470777327,0.30952443308,0.17602739261,0.75755006668,0.0028470777327,0.82988703394,0.83079457054,0.0028470777327,0.0028470777327,0.69761375949,0.0028470777327,0.35605842082,0.10059107342,0.36021234331,0.0028470777327,0.4604835177,0.0028470777327
126,0.18932024165,0.41940069036,0.37285118963,0.0028186069554,0.30955638957,0.17604913655,0.75771225426,0.0028186069554,0.82993706441,0.83079056296,0.0028186069554,0.0028186069554,0.69767217756,0.0028186069554,0.35620854239,0.10056260264,0.36034120977,0.0028186069554,0.46045504692,0.0028186069554
127,0.18941585632,0.41938638216,0.37296978633,0.0027904208859,0.3095880265,0.17607066306,0.75787281997,0.0027904208859,0.82998659457,0.83078659545,0.0027904208859,0.0027904208859,0.69773001144,0.0027904208859,0.35635716276,0.10053441657,0.36046878757,0.0027904208859,0.46042686085,0.0027904208859
128,0.18950716006,0.41937221705,0.37308719706,0.002762516677,0.30961934706,0.1760919743,0.75803178002,0.002762516677,0.83003562943,0.83078266761,0.002762516677,0.002762516677,0.69778726699,0.002762516677,0.35650429692,0.10050651236,0.36059508959,0.002762516677,0.46039895664,0.002762516677
129,0.18959437098,0.41935819359,0.37320343368,0.0027348915102,0.30965035441,0.17611307242,0.75818915047,0.0027348915102,0.83008417394,0.83077877905,0.0027348915102,0.0027348915102,0.69784394998,0.0027348915102,0.35664995973,0.10047888719,0.36072012858,0.0027348915102,0.46037133148,0.0027348915102
130,0.1896807098,0.41934431036,0.37331850794,0.0027075425951,0.30968105169,0.17613395957,0.75834494722,0.0027075425951,0.83013223301,0.83077492938,0.0027075425951,0.0027075425951,0.69790006614,0.0027075425951,0.35679416592,0.10045153828,0.36084391719,0.0027075425951,0.46034398256,0.0027075425951
131,0.18976618522,0.41933056596,0.37343243146,0.0026804671692,0.30971144199,0.17615463784,0.758499186,0.0026804671692,0.83017981148,0.83077111821,0.0026804671692,0.0026804671692,0.69795562113,0.0026804671692,0.35693693005,0.10042446285,0.36096646791,0.0026804671692,0.46031690714,0.0026804671692
132,0.1898508059,0.41931695901,0.37354521574,0.0026536624975,0.3097415284,0.17617510933,0.75865188239,0.0026536624975,0.83022691417,0.83076734514,0.0026536624975,0.0026536624975,0.69801062058,0.0026536624975,0.35707826654,0.10039765818,0.36108779313,0.0026536624975,0.46029010246,0.0026536624975
133,0.18993458036,0.41930348813,0.37365687217,0.0026271258725,0.30977131394,0.17619537611,0.75880305182,0.0026271258725,0.83027354584,0.83076360981,0.0026271258725,0.0026271258725,0.69806507003,0.0026271258725,0.35721818966,0.10037112156,0.36120790509,0.0026271258725,0.46026356584,0.0026271258725
134,0.19001751708,0.41929015195,0.37376741205,0.0026008546138,0.30980080162,0.17621544022,0.75895270955,0.0026008546138,0.83031971118,0.83075991183,0.0026008546138,0.0026008546138,0.69811897499,0.0026008546138,0.35735671355,0.1003448503,0.36132681593,0.0026008546138,0.46023729458,0.0026008546138
135,0.19009962444,0.41927694914,0.37387684652,0.0025748460676,0.30982999443,0.17623530369,0.75910087071,0.0025748460676,0.83036541488,0.83075625083,0.0025748460676,0.0025748460676,0.6981723409,0.0025748460676,0.3574938522,0.10031884175,0.36144453766,0.0025748460676,0.46021128603,0.0025748460676
136,0.19018091072,0.41926387836,0.37398518665,0.002549097607,0.30985889531,0.17625496852,0.75924755025,0.002549097607,0.83041066153,0.83075262644,0.002549097607,0.002549097607,0.69822517315,0.002549097607,0.35762961947,0.10029309329,0.36156108218,0.002549097607,0.46018553757,0.002549097607
137,0.19026138414,0.41925093828,0.37409244338,0.0025236066309,0.30988750718,0.17627443671,0.759392763,0.0025236066309,0.83045545572,0.8307490383,0.0025236066309,0.0025236066309,0.69827747708,0.0025236066309,0.35776402906,0.10026760231,0.36167646125,0.0025236066309,0.4601600466,0.0025236066309
138,0.19034105282,0.41923812761,0.37419862754,0.0024983705646,0.30991583293,0.17629371021,0.75953652362,0.0024983705646,0.83049980197,0.83074548604,0.0024983705646,0.0024983705646,0.69832925797,0.0024983705646,0.35789709456,0.10024236625,0.36179068653,0.0024983705646,0.46013481053,0.0024983705646
139,0.19041992482,0.41922544504,0.37430374986,0.0024733868589,0.30994387542,0.17631279098,0.75967884664,0.0024733868589,0.83054370476,0.83074196929,0.0024733868589,0.0024733868589,0.69838052105,0.0024733868589,0.3580288294,0.10021738254,0.36190376956,0.0024733868589,0.46010982683,0.0024733868589
140,0.19049800809,0.41921288929,0.37440782096,0.0024486529903,0.30997163749,0.17633168094,0.75981974642,0.0024486529903,0.83058716852,0.83073848772,0.0024486529903,0.0024486529903,0.6984312715,0.0024486529903,0.35815924689,0.10019264867,0.36201572176,0.0024486529903,0.46008509296,0.0024486529903
141,0.19057531054,0.41920045911,0.37451085134,0.0024241664604,0.30999912194,0.176350382,0.75995923721,0.0024241664604,0.83063019764,0.83073504096,0.0024241664604,0.0024241664604,0.69848151444,0.0024241664604,0.35828836021,0.10016816214,0.36212655443,0.0024241664604,0.46006060643,0.0024241664604
142,0.19065183996,0.41918815322,0.37461285142,0.0023999247958,0.31002633154,0.17636889605,0.76009733309,0.0023999247958,0.83067279646,0.83073162867,0.0023999247958,0.0023999247958,0.69853125495,0.0023999247958,0.35841618239,0.10014392048,0.36223627878,0.0023999247958,0.46003636476,0.0023999247958
143,0.19072760408,0.4191759704,0.3747138315,0.0023759255479,0.31005326905,0.17638722496,0.76023404801,0.0023759255479,0.83071496931,0.8307282505,0.0023759255479,0.0023759255479,0.69858049806,0.0023759255479,0.35854272636,0.10011992123,0.36234490589,0.0023759255479,0.46001236551,0.0023759255479
144,0.19080261057,0.4191639094,0.37481380178,0.0023521662924,0.31007993718,0.17640537058,0.76036939578,0.0023521662924,0.83075672042,0.83072490612,0.0023521662924,0.0023521662924,0.69862924874,0.0023521662924,0.35866800488,0.10009616198,0.36245244672,0.0023521662924,0.45998860626,0.0023521662924
145,0.19087686698,0.41915196902,0.37491277236,0.0023286446295,0.31010633864,0.17642333474,0.76050339008,0.0023286446295,0.83079805402,0.83072159518,0.0023286446295,0.0023286446295,0.69867751191,0.0023286446295,0.35879203062,0.10007264031,0.36255891215,0.0023286446295,0.4599650846,0.0023286446295
146,0.19095038084,0.41914014803,0.37501075323,0.0023053581832,0.31013247607,0.17644111927,0.76063604443,0.0023053581832,0.83083897428,0.83071831734,0.0023053581832,0.0023053581832,0.69872529245,0.0023053581832,0.3589148161,0.10004935387,0.36266431292,0.0023053581832,0.45994179815,0.0023053581832
147,0.19102315956,0.41912844526,0.3751077543,0.0022823046014,0.31015835213,0.17645872594,0.76076737223,0.0022823046014,0.83087948535,0.83071507229,0.0022823046014,0.0022823046014,0.69877259519,0.0022823046014,0.35903637373,0.10002630028,0.36276865968,0.0022823046014,0.45991874457,0.0022823046014
148,0.19109521048,0.41911685952,0.37520378535,0.0022594815553,0.31018396944,0.17647615655,0.76089738676,0.0022594815553,0.8309195913,0.83071185969,0.0022594815553,0.0022594815553,0.6988194249,0.0022594815553,0.35915671578,0.10000347724,0.36287196298,0.0022594815553,0.45989592152,0.0022594815553
149,0.1911665409,0.41910538963,0.37529885609,0.0022368867398,0.31020933056,0.17649341286,0.76102610115,0.0022368867398,0.83095929619,0.83070867921,0.0022368867398,0.0022368867398,0.69886578631,0.0022368867398,0.35927585441,0.099980882423,0.36297423324,0.0022368867398,0.45987332671,0.0022368867398
150,0.19123715802,0.41909403444,0.37539297612,0.0022145178724,0.31023443808,0.1765104966,0.76115352839,0.0022145178724,0.83099860404,0.83070553053,0.0022145178724,0.0022145178724,0.6989116841,0.0022145178724,0.35939380165,0.099958513555,0.3630754808,0.0022145178724,0.45985095784,0.0022145178724
151,0.19130706897,0.4190827928,0.37548615496,0.0021923726937,0.31025929452,0.1765274095,0.76127968135,0.0021923726937,0.8310375188,0.83070241335,0.0021923726937,0.0021923726937,0.69895712292,0.0021923726937,0.35951056942,0.099936368377,0.36317571589,0.0021923726937,0.45982881266,0.0021923726937
152,0.1913762808,0.41907166358,0.375578402,0.0021704489667,0.3102839024,0.17654415328,0.76140457279,0.0021704489667,0.83107604442,0.83069932733,0.0021704489667,0.0021704489667,0.69900210735,0.0021704489667,0.35962616951,0.09991444465,0.36327494862,0.0021704489667,0.45980688893,0.0021704489667
153,0.19144480052,0.41906064565,0.37566972658,0.0021487444771,0.3103082642,0.17656072962,0.76152821532,0.0021487444771,0.83111418478,0.83069627218,0.0021487444771,0.0021487444771,0.69904664193,0.0021487444771,0.3597406136,0.09989274016,0.36337318903,0.0021487444771,0.45978518444,0.0021487444771
154,0.19151263504,0.4190497379,0.37576013791,0.0021272570323,0.31033238238,0.17657714019,0.76165062141,0.0021272570323,0.83115194374,0.83069324758,0.0021272570323,0.0021272570323,0.69909073117,0.0021272570323,0.35985391326,0.099871252715,0.36347044703,0.0021272570323,0.459763697,0.0021272570323
155,0.19157979121,0.41903893923,0.37584964512,0.002105984462,0.31035625938,0.17659338666,0.76177180345,0.002105984462,0.83118932511,0.83069025322,0.002105984462,0.002105984462,0.69913437952,0.002105984462,0.35996607991,0.099849980145,0.36356673246,0.002105984462,0.45974242443,0.002105984462
156,0.19164627582,0.41902824855,0.37593825727,0.0020849246173,0.31037989761,0.17660947066,0.76189177367,0.0020849246173,0.83122633266,0.83068728881,0.0020849246173,0.0020849246173,0.69917759139,0.0020849246173,0.3600771249,0.0998289203,0.36366205502,0.0020849246173,0.45972136458,0.0020849246173
157,0.19171209559,0.41901766477,0.37602598329,0.0020640753712,0.31040329946,0.17662539383,0.76201054418,0.0020640753712,0.83126297014,0.83068435404,0.0020640753712,0.0020640753712,0.69922037113,0.0020640753712,0.36018705944,0.099808071054,0.36375642437,0.0020640753712,0.45970051534,0.0020640753712
158,0.19177725716,0.41900718683,0.37611283205,0.0020434346175,0.31042646729,0.17664115776,0.76212812699,0.0020434346175,0.83129924124,0.83068144862,0.0020434346175,0.0020434346175,0.69926272308,0.0020434346175,0.36029589463,0.0997874303,0.36384985002,0.0020434346175,0.45967987458,0.0020434346175
159,0.19184176711,0.41899681367,0.37619881232,0.0020230002713,0.31044940344,0.17665676405,0.76224453398,0.0020230002713,0.83133514964,0.83067857225,0.0020230002713,0.0020230002713,0.69930465151,0.0020230002713,0.36040364147,0.099766995954,0.36394234141,0.0020230002713,0.45965944024,0.0020230002713
160,0.19190563197,0.41898654424,0.3762839328,0.0020027702686,0.31047211023,0.17667221428,0.76235977689,0.0020027702686,0.83137069894,0.83067572465,0.0020027702686,0.0020027702686,0.69934616065,0.0020027702686,0.36051031084,0.099746765952,0.36403390789,0.0020027702686,0.45963921023,0.0020027702686
161,0.19196885817,0.4189763775,0.37636820206,0.0019827425659,0.31049458995,0.17668751001,0.76247386737,0.0019827425659,0.83140589276,0.83067290552,0.0019827425659,0.0019827425659,0.6993872547,0.0019827425659,0.36061591352,0.099726738249,0.3641245587,0.0019827425659,0.45961918253,0.0019827425659
162,0.19203145211,0.41896631244,0.37645162864,0.0019629151402,0.31051684487,0.17670265278,0.76258681695,0.0019629151402,0.83144073464,0.83067011458,0.0019629151402,0.0019629151402,0.69942793782,0.0019629151402,0.36072046017,0.099706910823,0.36421430301,0.0019629151402,0.45959935511,0.0019629151402
163,0.19209342012,0.41895634802,0.37653422095,0.0019432859888,0.31053887725,0.17671764412,0.76269863703,0.0019432859888,0.8314752281,0.83066735156,0.0019432859888,0.0019432859888,0.6994682141,0.0019432859888,0.36082396136,0.099687281672,0.36430314987,0.0019432859888,0.45957972596,0.0019432859888
164,0.19215476844,0.41894648325,0.37661598733,0.0019238531289,0.3105606893,0.17673248555,0.76280933891,0.0019238531289,0.83150937662,0.83066461616,0.0019238531289,0.0019238531289,0.69950808761,0.0019238531289,0.36092642753,0.099667848812,0.36439110827,0.0019238531289,0.4595602931,0.0019238531289
165,0.19221550328,0.41893671712,0.37669693605,0.0019046145977,0.31058228323,0.17674717856,0.76291893377,0.0019046145977,0.83154318366,0.83066190812,0.0019046145977,0.0019046145977,0.6995475624,0.0019046145977,0.36102786904,0.099648610281,0.36447818708,0.0019046145977,0.45954105456,0.0019046145977
166,0.19227563077,0.41892704866,0.37677707529,0.0018855684517,0.31060366122,0.17676172465,0.76302743269,0.0018855684517,0.83157665263,0.83065922716,0.0018855684517,0.0018855684517,0.69958664243,0.0018855684517,0.36112829614,0.099629564135,0.3645643951,0.0018855684517,0.45952200842,0.0018855684517
167,0.19233515699,0.41891747688,0.37685641313,0.0018667127672,0.31062482543,0.17677612527,0.76313484661,0.0018667127672,0.83160978691,0.830656573,0.0018667127672,0.0018667127672,0.69962533167,0.0018667127672,0.36122771897,0.09961070845,0.36464974104,0.0018667127672,0.45950315273,0.0018667127672
168,0.19239408795,0.41890800082,0.37693495759,0.0018480456395,0.310645778,0.17679038189,0.7632411864,0.0018480456395,0.83164258985,0.83065394539,0.0018480456395,0.0018480456395,0.69966363401,0.0018480456395,0.36132614756,0.099592041322,0.36473423352,0.0018480456395,0.45948448561,0.0018480456395
169,0.19245242959,0.41889861951,0.37701271661,0.0018295651831,0.31066652104,0.17680449594,0.76334646279,0.0018295651831,0.83167506475,0.83065134406,0.0018295651831,0.0018295651831,0.69970155333,0.0018295651831,0.36142359187,0.099573560866,0.36481788108,0.0018295651831,0.45946600515,0.0018295651831
170,0.19251018782,0.41888933203,0.37708969804,0.0018112695313,0.31068705665,0.17681846885,0.76345068641,0.0018112695313,0.83170721491,0.83064876874,0.0018112695313,0.0018112695313,0.69973909345,0.0018112695313,0.36152006174,0.099555265214,0.36490069216,0.0018112695313,0.4594477095,0.0018112695313
171,0.19256736847,0.41888013741,0.37716590966,0.0017931568359,0.31070738691,0.17683230203,0.7635538678,0.0017931568359,0.83173904357,0.83064621917,0.0017931568359,0.0017931568359,0.69977625818,0.0017931568359,0.36161556691,0.099537152519,0.36498267514,0.0017931568359,0.4594295968,0.0017931568359
172,0.19262397731,0.41887103475,0.37724135915,0.0017752252676,0.31072751386,0.17684599688,0.76365601737,0.0017752252676,0.83177055394,0.83064369509,0.0017752252676,0.0017752252676,0.69981305126,0.0017752252676,0.36171011703,0.099519220951,0.36506383828,0.0017752252676,0.45941166523,0.0017752252676
173,0.19268002006,0.41886202311,0.37731605416,0.0017574730149,0.31074743955,0.17685955478,0.76375714545,0.0017574730149,0.8318017492,0.83064119626,0.0017574730149,0.0017574730149,0.6998494764,0.0017574730149,0.36180372165,0.099501468698,0.36514418979,0.0017574730149,0.45939391298,0.0017574730149
174,0.19273550238,0.41885310158,0.37739000221,0.0017398982848,0.31076716598,0.1768729771,0.76385726224,0.0017398982848,0.83183263252,0.83063872242,0.0017398982848,0.0017398982848,0.6998855373,0.0017398982848,0.36189639022,0.099483893968,0.36522373778,0.0017398982848,0.45937633825,0.0017398982848
175,0.19279042988,0.41884426928,0.37746321078,0.0017224993019,0.31078669514,0.1768862652,0.76395637787,0.0017224993019,0.831863207,0.83063627331,0.0017224993019,0.0017224993019,0.69992123758,0.0017224993019,0.3619881321,0.099466494985,0.3653024903,0.0017224993019,0.45935893927,0.0017224993019
176,0.19284480811,0.41883552529,0.37753568727,0.0017052743089,0.31080602901,0.17689942042,0.76405450235,0.0017052743089,0.83189347573,0.8306338487,0.0017052743089,0.0017052743089,0.69995658087,0.0017052743089,0.36207895657,0.099449269992,0.36538045529,0.0017052743089,0.45934171428,0.0017052743089
177,0.19289864255,0.41882686874,0.37760743899,0.0016882215658,0.31082516954,0.17691244409,0.76415164557,0.0016882215658,0.83192344178,0.83063144833,0.0016882215658,0.0016882215658,0.69999157072,0.0016882215658,0.36216887279,0.099432217249,0.36545764063,0.0016882215658,0.45932466153,0.0016882215658
178,0.19295193865,0.41881829876,0.3776784732,0.0016713393501,0.31084411867,0.17692533752,0.76424781737,0.0016713393501,0.83195310817,0.83062907197,0.0016713393501,0.0016713393501,0.70002621067,0.0016713393501,0.36225788985,0.099415335033,0.36553405411,0.0016713393501,0.45930777932,0.0016713393501
179,0.19300470179,0.41880981448,0.37774879706,0.0016546259566,0.31086287831,0.17693810201,0.76434302745,0.0016546259566,0.83198247789,0.83062671937,0.0016546259566,0.0016546259566,0.70006050422,0.0016546259566,0.36234601674,0.09939862164,0.36560970347,0.0016546259566,0.45929106592,0.0016546259566
180,0.1930569373,0.41880141505,0.37781841769,0.0016380796971,0.31088145035,0.17695073886,0.76443728543,0.0016380796971,0.83201155392,0.83062439029,0.0016380796971,0.0016380796971,0.70009445484,0.0016380796971,0.36243326236,0.09938207538,0.36568459633,0.0016380796971,0.45927451966,0.0016380796971
181,0.19310865045,0.4187930996,0.3778873421,0.0016216989001,0.31089983667,0.17696324934,0.76453060082,0.0016216989001,0.83204033918,0.83062208451,0.0016216989001,0.0016216989001,0.70012806595,0.0016216989001,0.36251963552,0.099365694583,0.36575874026,0.0016216989001,0.45925813887,0.0016216989001
182,0.19315984647,0.41878486731,0.37795557728,0.0016054819111,0.31091803912,0.17697563472,0.76462298307,0.0016054819111,0.8320688366,0.83061980178,0.0016054819111,0.0016054819111,0.70016134095,0.0016054819111,0.36260514495,0.099349477594,0.36583214275,0.0016054819111,0.45924192188,0.0016054819111
183,0.19321053053,0.41877671735,0.3780231301,0.001589427092,0.31093605956,0.17698789624,0.76471444149,0.001589427092,0.83209704904,0.83061754188,0.001589427092,0.001589427092,0.7001942832,0.001589427092,0.36268979929,0.099333422775,0.36590481121,0.001589427092,0.45922586706,0.001589427092
184,0.19326070775,0.41876864888,0.37809000739,0.0015735328211,0.31095389978,0.17700003515,0.76480498532,0.0015735328211,0.83212497935,0.83061530458,0.0015735328211,0.0015735328211,0.70022689602,0.0015735328211,0.36277360708,0.099317528504,0.36597675299,0.0015735328211,0.45920997279,0.0015735328211
185,0.1933103832,0.4187606611,0.37815621591,0.0015577974929,0.31097156161,0.17701205267,0.76489462372,0.0015577974929,0.83215263036,0.83061308966,0.0015577974929,0.0015577974929,0.70025918272,0.0015577974929,0.3628565768,0.099301793176,0.36604797536,0.0015577974929,0.45919423746,0.0015577974929
186,0.19335956189,0.4187527532,0.37822176235,0.0015422195179,0.31098904682,0.17702395001,0.76498336574,0.0015422195179,0.83218000487,0.83061089688,0.0015422195179,0.0015422195179,0.70029114656,0.0015422195179,0.36293871682,0.099286215201,0.3661184855,0.0015422195179,0.45917865948,0.0015422195179
187,0.1934082488,0.41874492437,0.37828665332,0.0015267973228,0.31100635717,0.17703572838,0.76507122033,0.0015267973228,0.83220710562,0.83060872603,0.0015267973228,0.0015267973228,0.70032279075,0.0015267973228,0.36302003544,0.099270793006,0.36618829053,0.0015267973228,0.45916323729,0.0015267973228
188,0.19345644883,0.41873717384,0.37835089538,0.0015115293495,0.31102349442,0.17704738897,0.76515819638,0.0015115293495,0.83223393537,0.83060657689,0.0015115293495,0.0015115293495,0.7003541185,0.0015115293495,0.36310054087,0.099255525032,0.36625739752,0.0015115293495,0.45914796932,0.0015115293495
189,0.19350416687,0.41872950081,0.37841449502,0.001496414056,0.3110404603,0.17705893295,0.76524430267,0.001496414056,0.83226049682,0.83060444924,0.001496414056,0.001496414056,0.70038513297,0.001496414056,0.36318024125,0.099240409739,0.36632581344,0.001496414056,0.45913285402,0.001496414056
190,0.19355140772,0.4187219045,0.37847745867,0.0014814499155,0.31105725652,0.17707036149,0.76532954789,0.0014814499155,0.83228679266,0.83060234287,0.0014814499155,0.0014814499155,0.7004158373,0.0014814499155,0.36325914462,0.099225445598,0.3663935452,0.0014814499155,0.45911788988,0.0014814499155
191,0.19359817617,0.41871438417,0.37853979268,0.0014666354163,0.31107388478,0.17708167574,0.76541394066,0.0014666354163,0.83231282554,0.83060025756,0.0014666354163,0.0014666354163,0.70044623459,0.0014666354163,0.36333725897,0.099210631099,0.36646059964,0.0014666354163,0.45910307538,0.0014666354163
192,0.19364447694,0.41870693903,0.37860150335,0.0014519690622,0.31109034676,0.17709287686,0.76549748951,0.0014519690622,0.83233859809,0.8305981931,0.0014519690622,0.0014519690622,0.7004763279,0.0014519690622,0.36341459216,0.099195964745,0.36652698354,0.0014519690622,0.45908840903,0.0014519690622
193,0.19369031469,0.41869956835,0.37866259691,0.0014374493715,0.31110664411,0.17710396596,0.76558020287,0.0014374493715,0.83236411292,0.83059614929,0.0014374493715,0.0014374493715,0.70050612028,0.0014374493715,0.36349115203,0.099181445054,0.36659270359,0.0014374493715,0.45907388934,0.0014374493715
194,0.19373569407,0.41869227137,0.37872307953,0.0014230748778,0.31112277849,0.17711494417,0.76566208909,0.0014230748778,0.83238937259,0.83059412591,0.0014230748778,0.0014230748778,0.70053561474,0.0014230748778,0.3635669463,0.099167070561,0.36665776645,0.0014230748778,0.45905951484,0.0014230748778
195,0.19378061965,0.41868504737,0.37878295733,0.001408844129,0.31113875153,0.1771258126,0.76574315645,0.001408844129,0.83241437967,0.83059212277,0.001408844129,0.001408844129,0.70056481425,0.001408844129,0.36364198262,0.099152839812,0.36672217868,0.001408844129,0.4590452841,0.001408844129
196,0.19382509598,0.4186778956,0.37884223635,0.0013947556878,0.31115456484,0.17713657234,0.76582341314,0.0013947556878,0.83243913668,0.83059013967,0.0013947556878,0.0013947556878,0.70059372177,0.0013947556878,0.36371626858,0.099138751371,0.36678594679,0.0013947556878,0.45903119565,0.0013947556878
197,0.19386912755,0.41867081535,0.37890092259,0.0013808081309,0.31117022001,0.17714722449,0.76590286726,0.0013808081309,0.83246364612,0.83058817639,0.0013808081309,0.0013808081309,0.70062234021,0.0013808081309,0.36378981168,0.099124803814,0.36684907721,0.0013808081309,0.4590172481,0.0013808081309
198,0.1939127188,0.41866380591,0.37895902195,0.0013670000496,0.31118571864,0.17715777011,0.76598152684,0.0013670000496,0.83248791046,0.83058623274,0.0013670000496,0.0013670000496,0.70065067247,0.0013670000496,0.36386261935,0.099110995733,0.36691157633,0.0013670000496,0.45900344002,0.0013670000496
199,0.19395587413,0.41865686655,0.37901654033,0.0013533300491,0.31120106227,0.17716821028,0.76605939982,0.0013533300491,0.83251193216,0.83058430854,0.0013533300491,0.0013533300491,0.7006787214,0.0013533300491,0.36393469895,0.099097325732,0.36697345046,0.0013533300491,0.45898977002,0.0013533300491
200,0.19399859792,0.4186499966,0.37907348352,0.0013397967486,0.31121625247,0.17717854605,0.76613649407,0.0013397967486,0.83253571365,0.83058240357,0.0013397967486,0.0013397967486,0.70070648985,0.0013397967486,0.36400605774,0.099083792432,0.36703470585,0.0013397967486,0.45897623671,0.0013397967486
201,0.19404089446,0.41864319534,0.37912985728,0.0013263987811,0.31123129077,0.17718877846,0.76621281738,0.0013263987811,0.83255925732,0.83058051765,0.0013263987811,0.0013263987811,0.70073398061,0.0013263987811,0.36407670295,0.099070394464,0.36709534868,0.0013263987811,0.45896283875,0.0013263987811
202,0.19408276804,0.41863646209,0.3791856673,0.0013131347933,0.31124617869,0.17719890855,0.76628837746,0.0013131347933,0.83258256555,0.83057865059,0.0013131347933,0.0013131347933,0.70076119646,0.0013131347933,0.36414664171,0.099057130476,0.36715538509,0.0013131347933,0.45894957476,0.0013131347933
203,0.19412422289,0.41862979618,0.37924091923,0.0013000034454,0.31126091772,0.17720893733,0.76636318194,0.0013000034454,0.8326056407,0.83057680221,0.0013000034454,0.0013000034454,0.70078814015,0.0013000034454,0.36421588108,0.099043999128,0.36721482113,0.0013000034454,0.45893644341,0.0013000034454
204,0.19416526318,0.41862319692,0.37929561863,0.0012870034109,0.31127550937,0.17721886583,0.76643723837,0.0012870034109,0.8326284851,0.83057497231,0.0012870034109,0.0012870034109,0.70081481441,0.0012870034109,0.36428442806,0.099030999094,0.36727366281,0.0012870034109,0.45892344338,0.0012870034109
205,0.19420589308,0.41861666366,0.37934977104,0.0012741333768,0.3112899551,0.17722869504,0.76651055424,0.0012741333768,0.83265110105,0.8305731607,0.0012741333768,0.0012741333768,0.70084122193,0.0012741333768,0.36435228956,0.09901812906,0.36733191608,0.0012741333768,0.45891057334,0.0012741333768
206,0.19424611667,0.41861019573,0.37940338192,0.001261392043,0.31130425637,0.17723842596,0.76658313695,0.001261392043,0.83267349085,0.83057136721,0.001261392043,0.001261392043,0.70086736537,0.001261392043,0.36441947245,0.099005387726,0.36738958681,0.001261392043,0.45889783201,0.001261392043
207,0.19428593803,0.41860379248,0.3794564567,0.0012487781226,0.31131841463,0.17724805957,0.76665499383,0.0012487781226,0.83269565674,0.83056959166,0.0012487781226,0.0012487781226,0.70089324737,0.0012487781226,0.36448598352,0.098992773806,0.36744668084,0.0012487781226,0.45888521809,0.0012487781226
208,0.19432536117,0.41859745326,0.37950900073,0.0012362903414,0.31133243131,0.17725759684,0.76672613214,0.0012362903414,0.83271760098,0.83056783386,0.0012362903414,0.0012362903414,0.70091887056,0.0012362903414,0.36455182947,0.098980286024,0.36750320392,0.0012362903414,0.45887273031,0.0012362903414
209,0.19436439008,0.41859117744,0.37956101931,0.0012239274379,0.31134630782,0.17726703874,0.76679655907,0.0012239274379,0.83273932578,0.83056609364,0.0012239274379,0.0012239274379,0.70094423751,0.0012239274379,0.36461701696,0.098967923121,0.36755916178,0.0012239274379,0.4588603674,0.0012239274379
210,0.19440302871,0.41858496437,0.37961251771,0.0012116881636,0.31136004556,0.17727638623,0.76686628173,0.0012116881636,0.83276083333,0.83056437083,0.0012116881636,0.0012116881636,0.70096935079,0.0012116881636,0.36468155258,0.098955683847,0.36761456005,0.0012116881636,0.45884812813,0.0012116881636
211,0.19444128095,0.41857881344,0.37966350113,0.0011995712819,0.31137364593,0.17728564024,0.76693530717,0.0011995712819,0.8327821258,0.83056266524,0.0011995712819,0.0011995712819,0.70099421294,0.0011995712819,0.36474544284,0.098943566965,0.36766940434,0.0011995712819,0.45883601125,0.0011995712819
212,0.19447915066,0.41857272401,0.37971397472,0.0011875755691,0.3113871103,0.1772948017,0.76700364235,0.0011875755691,0.83280320534,0.8305609767,0.0011875755691,0.0011875755691,0.70101882647,0.0011875755691,0.3648086942,0.098931571252,0.36772370019,0.0011875755691,0.45882401554,0.0011875755691
213,0.19451664168,0.41856669548,0.37976394356,0.0011756998134,0.31140044002,0.17730387156,0.76707129418,0.0011756998134,0.8328240741,0.83055930506,0.0011756998134,0.0011756998134,0.70104319387,0.0011756998134,0.36487131304,0.098919695496,0.36777745308,0.0011756998134,0.45881213978,0.0011756998134
214,0.19455375779,0.41856072723,0.37981341272,0.0011639428153,0.31141363644,0.17731285071,0.76713826949,0.0011639428153,0.83284473416,0.83055765012,0.0011639428153,0.0011639428153,0.70106731759,0.0011639428153,0.3649333057,0.098907938498,0.36783066845,0.0011639428153,0.45880038278,0.0011639428153
215,0.19459050273,0.41855481866,0.37986238719,0.0011523033871,0.3114267009,0.17732174007,0.76720457504,0.0011523033871,0.83286518763,0.83055601174,0.0011523033871,0.0011523033871,0.70109120007,0.0011523033871,0.36499467843,0.09889629907,0.36788335166,0.0011523033871,0.45878874335,0.0011523033871
216,0.19462688023,0.41854896918,0.37991087191,0.0011407803533,0.31143963471,0.17733054054,0.76727021754,0.0011407803533,0.83288543655,0.83055438974,0.0011407803533,0.0011407803533,0.70111484373,0.0011407803533,0.36505543743,0.098884776036,0.36793550803,0.0011407803533,0.45877722032,0.0011407803533
217,0.19466289395,0.4185431782,0.37995887179,0.0011293725497,0.31145243919,0.17733925301,0.76733520362,0.0011293725497,0.83290548299,0.83055278397,0.0011293725497,0.0011293725497,0.70113825095,0.0011293725497,0.36511558885,0.098873368233,0.36798714284,0.0011293725497,0.45876581252,0.0011293725497
218,0.19469854754,0.41853744513,0.38000639167,0.0011180788242,0.31146511562,0.17734787835,0.76739953983,0.0011180788242,0.83292532897,0.83055119424,0.0011180788242,0.0011180788242,0.7011614241,0.0011180788242,0.36517513875,0.098862074507,0.36803826131,0.0011180788242,0.45875451879,0.0011180788242
219,0.19473384459,0.41853176938,0.38005343635,0.001106898036,0.31147766529,0.17735641743,0.76746323269,0.001106898036,0.83294497649,0.83054962042,0.001106898036,0.001106898036,0.70118436552,0.001106898036,0.36523409314,0.098850893719,0.36808886859,0.001106898036,0.458743338,0.001106898036
220,0.19476878867,0.4185261504,0.38010001058,0.0010958290556,0.31149008946,0.17736487113,0.76752628861,0.0010958290556,0.83296442753,0.83054806234,0.0010958290556,0.0010958290556,0.70120707752,0.0010958290556,0.365292458,0.098839824739,0.3681389698,0.0010958290556,0.45873226902,0.0010958290556
221,0.19480338331,0.4185205876,0.38014611907,0.0010848707651,0.31150238938,0.17737324029,0.76758871398,0.0010848707651,0.83298368406,0.83054651983,0.0010848707651,0.0010848707651,0.70122956241,0.0010848707651,0.36535023921,0.098828866448,0.36818856999,0.0010848707651,0.45872131073,0.0010848707651
222,0.194837632,0.41851508043,0.38019176647,0.0010740220574,0.31151456631,0.17738152576,0.76765051509,0.0010740220574,0.83300274802,0.83054499275,0.0010740220574,0.0010740220574,0.70125182244,0.0010740220574,0.3654074426,0.09881801774,0.36823767419,0.0010740220574,0.45871046202,0.0010740220574
223,0.1948715382,0.41850962833,0.3802369574,0.0010632818369,0.31152662147,0.17738972837,0.76771169819,0.0010632818369,0.83302162135,0.83054348094,0.0010632818369,0.0010632818369,0.70127385988,0.0010632818369,0.36546407396,0.09880727752,0.36828628734,0.0010632818369,0.4586997218,0.0010632818369
224,0.19490510535,0.41850423076,0.38028169642,0.0010526490185,0.31153855608,0.17739784895,0.76777226946,0.0010526490185,0.83304030594,0.83054198425,0.0010526490185,0.0010526490185,0.70129567694,0.0010526490185,0.36552013901,0.098796644701,0.36833441436,0.0010526490185,0.45868908898,0.0010526490185
225,0.19493833682,0.41849888716,0.38032598805,0.0010421225283,0.31155037134,0.17740588834,0.76783223502,0.0010421225283,0.83305880368,0.83054050253,0.0010421225283,0.0010421225283,0.70131727583,0.0010421225283,0.36557564341,0.098786118211,0.36838206011,0.0010421225283,0.45867856249,0.0010421225283
226,0.19497123597,0.41849359699,0.38036983677,0.001031701303,0.31156206845,0.17741384732,0.76789160092,0.001031701303,0.83307711645,0.83053903562,0.001031701303,0.001031701303,0.70133865873,0.001031701303,0.36563059276,0.098775696986,0.3684292294,0.001031701303,0.45866814127,0.001031701303
227,0.19500380614,0.41848835973,0.38041324699,0.00102138429,0.31157364859,0.17742172672,0.76795037316,0.00102138429,0.83309524609,0.83053758339,0.00102138429,0.00102138429,0.7013598278,0.00102138429,0.36568499262,0.098765379973,0.368475927,0.00102138429,0.45865782426,0.00102138429
228,0.1950360506,0.41848317484,0.38045622312,0.0010111704471,0.31158511293,0.17742952732,0.76800855768,0.0010111704471,0.83311319444,0.83053614567,0.0010111704471,0.0010111704471,0.70138078518,0.0010111704471,0.36573884848,0.09875516613,0.36852215762,0.0010111704471,0.45864761041,0.0010111704471
229,0.19506797262,0.4184780418,0.38049876948,0.0010010587426,0.31159646262,0.17743724992,0.76806616036,0.0010010587426,0.8331309633,0.83053472233,0.0010010587426,0.0010010587426,0.70140153299,0.0010010587426,0.36579216578,0.098745054426,0.36856792594,0.0010010587426,0.45863749871,0.0010010587426
230,0.19509957542,0.41847296009,0.38054089038,0.00099104815519,0.31160769882,0.17744489529,0.768123187,0.00099104815519,0.83314855447,0.83053331323,0.00099104815519,0.00099104815519,0.70142207332,0.00099104815519,0.36584494991,0.098735043838,0.36861323657,0.00099104815519,0.45862748812,0.00099104815519
231,0.19513086219,0.41846792919,0.38058259007,0.00098113767364,0.31161882266,0.17745246421,0.76817964338,0.00098113767364,0.83316596973,0.83053191822,0.00098113767364,0.00098113767364,0.70144240824,0.00098113767364,0.3658972062,0.098725133357,0.3686580941,0.00098113767364,0.45861757764,0.00098113767364
232,0.19516183609,0.41846294861,0.38062387277,0.0009713262969,0.31162983525,0.17745995743,0.7682355352,0.0009713262969,0.83318321084,0.83053053715,0.0009713262969,0.0009713262969,0.70146253982,0.0009713262969,0.36594893993,0.09871532198,0.36870250305,0.0009713262969,0.45860776626,0.0009713262969
233,0.19519250026,0.41845801783,0.38066474264,0.00096161303393,0.31164073772,0.17746737573,0.7682908681,0.00096161303393,0.83320027954,0.8305291699,0.00096161303393,0.00096161303393,0.70148247008,0.00096161303393,0.36600015631,0.098705608717,0.36874646791,0.00096161303393,0.458598053,0.00096161303393
234,0.19522285778,0.41845313636,0.3807052038,0.00095199690359,0.31165153117,0.17747471984,0.76834564767,0.00095199690359,0.83321717755,0.83052781632,0.00095199690359,0.00095199690359,0.70150220104,0.00095199690359,0.36605086054,0.098695992587,0.36878999313,0.00095199690359,0.45858843687,0.00095199690359
235,0.19525291173,0.4184483037,0.38074526036,0.00094247693456,0.31166221668,0.17748199052,0.76839987945,0.00094247693456,0.83323390658,0.83052647628,0.00094247693456,0.00094247693456,0.70152173469,0.00094247693456,0.36610105772,0.098686472618,0.36883308309,0.00094247693456,0.4585789169,0.00094247693456
236,0.19528266513,0.41844351937,0.38078491635,0.00093305216521,0.31167279534,0.17748918848,0.7684535689,0.00093305216521,0.83325046832,0.83052514963,0.00093305216521,0.00093305216521,0.701541073,0.00093305216521,0.36615075293,0.098677047848,0.36887574215,0.00093305216521,0.45856949213,0.00093305216521
237,0.19531212101,0.41843878289,0.38082417578,0.00092372164356,0.31168326821,0.17749631447,0.76850672147,0.00092372164356,0.83326686444,0.83052383626,0.00092372164356,0.00092372164356,0.70156021793,0.00092372164356,0.36619995119,0.098667717327,0.36891797462,0.00092372164356,0.45856016161,0.00092372164356
238,0.19534128232,0.41843409377,0.38086304262,0.00091448442712,0.31169363635,0.17750336919,0.7685593425,0.00091448442712,0.8332830966,0.83052253601,0.00091448442712,0.00091448442712,0.70157917141,0.00091448442712,0.36624865746,0.09865848011,0.36895978477,0.00091448442712,0.45855092439,0.00091448442712
239,0.19537015202,0.41842945154,0.38090152079,0.00090533958285,0.31170390081,0.17751035337,0.76861143733,0.00090533958285,0.83329916644,0.83052124877,0.00090533958285,0.00090533958285,0.70159793535,0.00090533958285,0.36629687667,0.098649335266,0.36900117681,0.00090533958285,0.45854177955,0.00090533958285
240,0.19539873303,0.41842485573,0.38093961418,0.00089628618702,0.31171406262,0.17751726771,0.76866301121,0.00089628618702,0.83331507558,0.8305199744,0.00089628618702,0.00089628618702,0.70161651166,0.00089628618702,0.3663446137,0.09864028187,0.36904215494,0.00089628618702,0.45853272615,0.00089628618702
241,0.19542702822,0.41842030588,0.38097732663,0.00088732332515,0.31172412282,0.1775241129,0.76871406935,0.00088732332515,0.83333082563,0.83051871278,0.00088732332515,0.00088732332515,0.7016349022,0.00088732332515,0.36639187335,0.098631319008,0.36908272328,0.00088732332515,0.45852376329,0.00088732332515
242,0.19545504047,0.41841580153,0.38101466196,0.0008784500919,0.31173408241,0.17753088964,0.76876461691,0.0008784500919,0.83334641818,0.83051746377,0.0008784500919,0.0008784500919,0.70165310884,0.0008784500919,0.3664386604,0.098622445775,0.36912288594,0.0008784500919,0.45851489006,0.0008784500919
243,0.19548277259,0.41841134222,0.38105162393,0.00086966559098,0.31174394241,0.17753759861,0.76881465899,0.00086966559098,0.8333618548,0.83051622725,0.00086966559098,0.00086966559098,0.70167113341,0.00086966559098,0.36648497958,0.098613661274,0.36916264698,0.00086966559098,0.45850610556,0.00086966559098
244,0.19551022738,0.4184069275,0.38108821629,0.00086096893507,0.31175370381,0.1775442405,0.76886420065,0.00086096893507,0.83337713706,0.8305150031,0.00086096893507,0.00086096893507,0.70168897773,0.00086096893507,0.36653083557,0.098604964618,0.3692020104,0.00086096893507,0.4584974089,0.00086096893507
245,0.19553740764,0.41840255694,0.38112444272,0.00085235924572,0.3117633676,0.17755081596,0.7689132469,0.00085235924572,0.8333922665,0.83051379119,0.00085235924572,0.00085235924572,0.70170664362,0.00085235924572,0.366576233,0.098596354929,0.36924098019,0.00085235924572,0.45848879921,0.00085235924572
246,0.19556431608,0.41839823007,0.38116030689,0.00084383565326,0.31177293475,0.17755732567,0.76896180268,0.00084383565326,0.83340724464,0.83051259139,0.00084383565326,0.00084383565326,0.70172413284,0.00084383565326,0.36662117646,0.098587831336,0.36927956028,0.00084383565326,0.45848027562,0.00084383565326
247,0.19559095545,0.41839394648,0.38119581241,0.00083539729673,0.31178240622,0.17756377029,0.7690098729,0.00083539729673,0.833422073,0.8305114036,0.00083539729673,0.00083539729673,0.70174144717,0.00083539729673,0.36666567048,0.09857939298,0.36931775457,0.00083539729673,0.45847183726,0.00083539729673
248,0.19561732842,0.41838970572,0.38123096289,0.00082704332376,0.31179178298,0.17757015045,0.76905746243,0.00082704332376,0.83343675307,0.83051022768,0.00082704332376,0.00082704332376,0.70175858836,0.00082704332376,0.36670971957,0.098571039007,0.36935556692,0.00082704332376,0.45846348329,0.00082704332376
249,0.19564343766,0.41838550737,0.38126576185,0.00081877289053,0.31180106598,0.17757646682,0.76910457605,0.00081877289053,0.83345128635,0.83050906352,0.00081877289053,0.00081877289053,0.70177555813,0.00081877289053,0.36675332816,0.098562768573,0.36939300114,0.00081877289053,0.45845521286,0.00081877289053
250,0.19566928581,0.41838135101,0.38130021283,0.00081058516162,0.31181025614,0.17758272002,0.76915121854,0.00081058516162,0.83346567429,0.83050791101,0.00081058516162,0.00081058516162,0.70179235821,0.00081058516162,0.36679650066,0.098554580845,0.36943006102,0.00081058516162,0.45844702513,0.00081058516162
251,0.19569487547,0.4183772362,0.38133431929,0.00080247931001,0.3118193544,0.17758891069,0.76919739461,0.00080247931001,0.83347991835,0.83050677002,0.00080247931001,0.00080247931001,0.70180899029,0.00080247931001,0.36683924144,0.098546474993,0.36946675031,0.00080247931001,0.45843891928,0.00080247931001
252,0.19572020924,0.41837316255,0.3813680847,0.00079445451691,0.31182836168,0.17759503945,0.76924310892,0.00079445451691,0.83349401997,0.83050564044,0.00079445451691,0.00079445451691,0.70182545604,0.00079445451691,0.36688155482,0.0985384502,0.3695030727,0.00079445451691,0.45843089448,0.00079445451691
253,0.19574528968,0.41836912963,0.38140151244,0.00078650997174,0.31183727889,0.17760110693,0.76928836608,0.00078650997174,0.83350798058,0.83050452215,0.00078650997174,0.00078650997174,0.70184175714,0.00078650997174,0.36692344506,0.098530505655,0.36953903186,0.00078650997174,0.45842294994,0.00078650997174
254,0.1957701193,0.41836513704,0.38143460592,0.00077864487202,0.31184610692,0.17760711373,0.76933317067,0.00077864487202,0.83352180158,0.83050341505,0.00077864487202,0.00077864487202,0.70185789523,0.00077864487202,0.36696491639,0.098522640555,0.36957463144,0.00077864487202,0.45841508484,0.00077864487202
255,0.19579470064,0.41836118438,0.38146736845,0.0007708584233,0.31185484667,0.17761306046,0.76937752721,0.0007708584233,0.83353548437,0.83050231902,0.0007708584233,0.0007708584233,0.70187387194,0.0007708584233,0.36700597302,0.098514854106,0.36960987502,0.0007708584233,0.45840729839,0.0007708584233
256,0.19581903615,0.41835727124,0.38149980336,0.00076314983907,0.31186349903,0.17761894773,0.76942144019,0.00076314983907,0.83354903033,0.83050123395,0.00076314983907,0.00076314983907,0.70188968888,0.00076314983907,0.36704661907,0.098507145522,0.36964476616,0.00076314983907,0.45839958981,0.00076314983907
257,0.19584312832,0.41835339724,0.38153191392,0.00075551834068,0.31187206486,0.17762477612,0.76946491404,0.00075551834068,0.83356244083,0.83050015973,0.00075551834068,0.00075551834068,0.70190534765,0.00075551834068,0.36708685867,0.098499514024,0.36967930839,0.00075551834068,0.45839195831,0.00075551834068
258,0.19586697956,0.41834956197,0.38156370338,0.00074796315727,0.31188054504,0.17763054623,0.76950795315,0.00074796315727,0.83357571723,0.83049909625,0.00074796315727,0.00074796315727,0.70192084983,0.00074796315727,0.36712669587,0.09849195884,0.3697135052,0.00074796315727,0.45838440312,0.00074796315727
259,0.19589059229,0.41834576506,0.38159517494,0.0007404835257,0.31188894041,0.17763625864,0.76955056187,0.0007404835257,0.83358886086,0.8304980434,0.0007404835257,0.0007404835257,0.70193619699,0.0007404835257,0.3671661347,0.098484479209,0.36974736004,0.0007404835257,0.45837692349,0.0007404835257
260,0.19591396889,0.41834200612,0.38162633179,0.00073307869044,0.31189725183,0.17764191392,0.76959274451,0.00073307869044,0.83360187306,0.83049700109,0.00073307869044,0.00073307869044,0.70195139068,0.00073307869044,0.36720517914,0.098477074373,0.36978087633,0.00073307869044,0.45836951866,0.00073307869044
261,0.19593711173,0.41833828476,0.38165717706,0.00072574790353,0.31190548013,0.17764751265,0.76963450531,0.00072574790353,0.83361475513,0.8304959692,0.00072574790353,0.00072574790353,0.70196643243,0.00072574790353,0.36724383313,0.098469743586,0.36981405746,0.00072574790353,0.45836218787,0.00072574790353
262,0.19596002313,0.41833460062,0.38168771389,0.0007184904245,0.31191362616,0.1776530554,0.76967584851,0.0007184904245,0.83362750839,0.83049494762,0.0007184904245,0.0007184904245,0.70198132377,0.0007184904245,0.36728210059,0.098462486107,0.36984690678,0.0007184904245,0.45835493039,0.0007184904245
263,0.19598270543,0.41833095332,0.38171794534,0.00071130552025,0.31192169072,0.17765854271,0.76971677828,0.00071130552025,0.83364013411,0.83049393627,0.00071130552025,0.00071130552025,0.70199606619,0.00071130552025,0.36731998537,0.098455301203,0.36987942761,0.00071130552025,0.45834774549,0.00071130552025
264,0.1960051609,0.4183273425,0.38174787448,0.00070419246505,0.31192967463,0.17766397516,0.76975729875,0.00070419246505,0.83365263357,0.83049293502,0.00070419246505,0.00070419246505,0.70201066118,0.00070419246505,0.3673574913,0.098448188148,0.36991162322,0.00070419246505,0.45834063243,0.00070419246505
265,0.19602739181,0.41832376778,0.38177750433,0.0006971505404,0.31193757871,0.17766935327,0.76979741401,0.0006971505404,0.83366500804,0.83049194379,0.0006971505404,0.0006971505404,0.70202511023,0.0006971505404,0.36739462218,0.098441146223,0.36994349689,0.0006971505404,0.45833359051,0.0006971505404
266,0.19604940042,0.41832022881,0.38180683789,0.000690179035,0.31194540375,0.17767467761,0.76983712812,0.000690179035,0.83367725877,0.83049096247,0.000690179035,0.000690179035,0.70203941479,0.000690179035,0.36743138174,0.098434174718,0.36997505181,0.000690179035,0.458326619,0.000690179035
267,0.19607118894,0.41831672523,0.3818358781,0.00068327724465,0.31195315053,0.17767994871,0.76987644509,0.00068327724465,0.83368938699,0.83048999097,0.00068327724465,0.00068327724465,0.7020535763,0.00068327724465,0.36746777371,0.098427272928,0.37000629119,0.00068327724465,0.45831971721,0.00068327724465
268,0.19609275958,0.41831325668,0.38186462792,0.0006764444722,0.31196081985,0.17768516709,0.76991536889,0.0006764444722,0.83370139392,0.83048902918,0.0006764444722,0.0006764444722,0.70206759619,0.0006764444722,0.36750380176,0.098420440155,0.37003721817,0.0006764444722,0.45831288444,0.0006764444722
269,0.1961141145,0.41830982283,0.38189309023,0.00066968002748,0.31196841248,0.17769033329,0.76995390346,0.00066968002748,0.83371328079,0.830488077,0.00066968002748,0.00066968002748,0.70208147589,0.00066968002748,0.36753946953,0.09841367571,0.37006783588,0.00066968002748,0.45830611999,0.00066968002748
270,0.19613525588,0.4183064233,0.38192126792,0.0006629832272,0.31197592917,0.17769544782,0.76999205267,0.0006629832272,0.83372504879,0.83048713435,0.0006629832272,0.0006629832272,0.70209521679,0.0006629832272,0.36757478062,0.09840697891,0.37009814741,0.0006629832272,0.45829942319,0.0006629832272
271,0.19615618585,0.41830305778,0.38194916384,0.00065635339493,0.31198337071,0.17770051122,0.7700298204,0.00065635339493,0.8337366991,0.83048620113,0.00065635339493,0.00065635339493,0.70210882028,0.00065635339493,0.3676097386,0.098400349078,0.37012815583,0.00065635339493,0.45829279336,0.00065635339493
272,0.19617690652,0.41829972591,0.3819767808,0.00064978986098,0.31199073782,0.17770552397,0.77006721045,0.00064978986098,0.83374823292,0.83048527724,0.00064978986098,0.00064978986098,0.70212228774,0.00064978986098,0.36764434701,0.098393785544,0.37015786417,0.00064978986098,0.45828622983,0.00064978986098
273,0.19619741998,0.41829642736,0.38200412158,0.00064329196237,0.31199803127,0.1777104866,0.77010422659,0.00064329196237,0.83375965139,0.83048436258,0.00064329196237,0.00064329196237,0.70213562052,0.00064329196237,0.36767860932,0.098387287645,0.37018727542,0.00064329196237,0.45827973193,0.00064329196237
274,0.1962177283,0.41829316179,0.38203118896,0.00063685904275,0.31200525178,0.17771539961,0.77014087258,0.00063685904275,0.83377095569,0.83048345708,0.00063685904275,0.00063685904275,0.70214881997,0.00063685904275,0.36771252902,0.098380854726,0.37021639256,0.00063685904275,0.45827329901,0.00063685904275
275,0.19623783354,0.41828992888,0.38205798567,0.00063049045232,0.31201240008,0.17772026348,0.7701771521,0.00063049045232,0.83378214694,0.83048256063,0.00063049045232,0.00063049045232,0.70216188743,0.00063049045232,0.36774610951,0.098374486135,0.37024521852,0.00063049045232,0.45826693042,0.00063049045232
276,0.19625773773,0.4182867283,0.38208451441,0.0006241855478,0.3120194769,0.17772507872,0.77021306883,0.0006241855478,0.83379322627,0.83048167314,0.0006241855478,0.0006241855478,0.70217482422,0.0006241855478,0.36777935421,0.098368181231,0.37027375623,0.0006241855478,0.45826062551,0.0006241855478
277,0.19627744288,0.41828355972,0.38211077786,0.00061794369232,0.31202648296,0.1777298458,0.7702486264,0.00061794369232,0.83380419481,0.83048079453,0.00061794369232,0.00061794369232,0.70218763164,0.00061794369232,0.36781226645,0.098361939375,0.37030200856,0.00061794369232,0.45825438366,0.00061794369232
278,0.19629695098,0.41828042283,0.38213677867,0.0006117642554,0.31203341895,0.17773456521,0.77028382839,0.0006117642554,0.83381505367,0.8304799247,0.0006117642554,0.0006117642554,0.70220031098,0.0006117642554,0.36784484957,0.098355759938,0.37032997837,0.0006117642554,0.45824820422,0.0006117642554
279,0.19631626399,0.41827731731,0.38216251948,0.00060564661284,0.31204028559,0.17773923743,0.77031867835,0.00060564661284,0.83382580394,0.83047906357,0.00060564661284,0.00060564661284,0.70221286353,0.00060564661284,0.36787710686,0.098349642296,0.37035766848,0.00060564661284,0.45824208658,0.00060564661284
280,0.19633538388,0.41827424285,0.38218800288,0.00059959014671,0.31204708355,0.17774386293,0.77035317982,0.00059959014671,0.83383644671,0.83047821106,0.00059959014671,0.00059959014671,0.70222529055,0.00059959014671,0.36790904158,0.09834358583,0.37038508169,0.00059959014671,0.45823603011,0.00059959014671
281,0.19635431256,0.41827119912,0.38221323145,0.00059359424525,0.31205381354,0.17774844217,0.77038733627,0.00059359424525,0.83384698304,0.83047736706,0.00059359424525,0.00059359424525,0.7022375933,0.00059359424525,0.36794065695,0.098337589928,0.37041222076,0.00059359424525,0.45823003421,0.00059359424525
282,0.19637305196,0.41826818584,0.38223820773,0.0005876583028,0.31206047623,0.17775297562,0.77042115116,0.0005876583028,0.83385741402,0.83047653151,0.0005876583028,0.0005876583028,0.70224977303,0.0005876583028,0.36797195617,0.098331653986,0.37043908845,0.0005876583028,0.45822409827,0.0005876583028
283,0.19639160397,0.41826520269,0.38226293425,0.00058178171977,0.31206707229,0.17775746373,0.7704546279,0.00058178171977,0.83386774068,0.83047570432,0.00058178171977,0.00058178171977,0.70226183096,0.00058178171977,0.3680029424,0.098325777403,0.37046568746,0.00058178171977,0.45821822169,0.00058178171977
284,0.19640997045,0.41826224937,0.3822874135,0.00057596390257,0.31207360239,0.17776190696,0.77048776988,0.00057596390257,0.83387796408,0.83047488539,0.00057596390257,0.00057596390257,0.70227376831,0.00057596390257,0.36803361876,0.098319959586,0.37049202048,0.00057596390257,0.45821240387,0.00057596390257
285,0.19642815327,0.41825932558,0.38231164796,0.00057020426354,0.31208006719,0.17776630576,0.77052058043,0.00057020426354,0.83388808525,0.83047407466,0.00057020426354,0.00057020426354,0.70228558628,0.00057020426354,0.36806398836,0.098314199946,0.37051809017,0.00057020426354,0.45820664423,0.00057020426354
286,0.19644615426,0.41825643104,0.38233564007,0.00056450222091,0.31208646734,0.17777066058,0.77055306288,0.00056450222091,0.8338981052,0.83047327203,0.00056450222091,0.00056450222091,0.70229728608,0.00056450222091,0.36809405426,0.098308497904,0.37054389916,0.00056450222091,0.45820094219,0.00056450222091
287,0.19646397525,0.41825356543,0.38235939227,0.0005588571987,0.31209280349,0.17777497184,0.7705852205,0.0005588571987,0.83390802495,0.83047247743,0.0005588571987,0.0005588571987,0.70230886888,0.0005588571987,0.36812381951,0.098302852882,0.37056945006,0.0005588571987,0.45819529717,0.0005588571987
288,0.19648161802,0.41825072849,0.38238290694,0.00055326862671,0.31209907628,0.17777923999,0.77061705654,0.00055326862671,0.83391784551,0.83047169077,0.00055326862671,0.00055326862671,0.70232033585,0.00055326862671,0.3681532871,0.09829726431,0.37059474545,0.00055326862671,0.45818970859,0.00055326862671
289,0.19649908436,0.41824791991,0.38240618647,0.00054773594045,0.31210528634,0.17778346546,0.77064857423,0.00054773594045,0.83392756786,0.83047091198,0.00054773594045,0.00054773594045,0.70233168815,0.00054773594045,0.36818246002,0.098291731623,0.37061978789,0.00054773594045,0.45818417591,0.00054773594045
290,0.19651637604,0.41824513942,0.3824292332,0.00054225858104,0.3121114343,0.17778764868,0.77067977674,0.00054225858104,0.83393719299,0.83047014098,0.00054225858104,0.00054225858104,0.70234292693,0.00054225858104,0.3682113412,0.098286254264,0.3706445799,0.00054225858104,0.45817869855,0.00054225858104
291,0.19653349481,0.41824238673,0.38245204946,0.00053683599523,0.31211752078,0.17779179006,0.77071066722,0.00053683599523,0.83394672186,0.83046937769,0.00053683599523,0.00053683599523,0.70235405332,0.00053683599523,0.36823993358,0.098280831678,0.370669124,0.00053683599523,0.45817327596,0.00053683599523
292,0.19655044239,0.41823966157,0.38247463756,0.00053146763528,0.31212354639,0.17779589003,0.7707412488,0.00053146763528,0.83395615545,0.83046862204,0.00053146763528,0.00053146763528,0.70236506844,0.00053146763528,0.36826824003,0.098275463318,0.37069342265,0.00053146763528,0.4581679076,0.00053146763528
293,0.19656722049,0.41823696366,0.38249699978,0.00052615295893,0.31212951175,0.177799949,0.77077152457,0.00052615295893,0.8339654947,0.83046787393,0.00052615295893,0.00052615295893,0.70237597342,0.00052615295893,0.36829626342,0.098270148642,0.37071747832,0.00052615295893,0.45816259293,0.00052615295893
294,0.19658383081,0.41823429273,0.38251913838,0.00052089142934,0.31213541746,0.17780396738,0.77080149757,0.00052089142934,0.83397474056,0.83046713331,0.00052089142934,0.00052089142934,0.70238676934,0.00052089142934,0.36832400657,0.098264887112,0.37074129343,0.00052089142934,0.4581573314,0.00052089142934
295,0.19660027502,0.41823164851,0.38254105559,0.00051568251504,0.31214126411,0.17780794558,0.77083117085,0.00051568251504,0.83398389396,0.8304664001,0.00051568251504,0.00051568251504,0.70239745731,0.00051568251504,0.36835147229,0.098259678198,0.37076487039,0.00051568251504,0.45815212248,0.00051568251504
296,0.1966165548,0.41822903073,0.38256275363,0.00051052568989,0.31214705229,0.17781188399,0.77086054739,0.00051052568989,0.83399295583,0.83046567422,0.00051052568989,0.00051052568989,0.70240803839,0.00051052568989,0.36837866335,0.098254521373,0.37078821158,0.00051052568989,0.45814696566,0.00051052568989
297,0.19663267177,0.41822643913,0.38258423469,0.00050542043299,0.31215278259,0.17781578302,0.77088963017,0.00050542043299,0.83400192707,0.83046495559,0.00050542043299,0.00050542043299,0.70241851367,0.00050542043299,0.36840558251,0.098249416116,0.37081131935,0.00050542043299,0.4581418604,0.00050542043299
298,0.19664862758,0.41822387345,0.38260550093,0.00050036622866,0.31215845559,0.17781964306,0.77091842212,0.00050036622866,0.83401080861,0.83046424416,0.00050036622866,0.00050036622866,0.70242888419,0.00050036622866,0.36843223247,0.098244361912,0.37083419605,0.00050036622866,0.4581368062,0.00050036622866
299,0.19666442383,0.41822133342,0.38262655452,0.00049536256638,0.31216407185,0.1778234645,0.77094692615,0.00049536256638,0.83401960133,0.83046353984,0.00049536256638,0.00049536256638,0.70243915101,0.00049536256638,0.36845861593,0.098239358249,0.37085684398,0.00049536256638,0.45813180253,0.00049536256638
300,0.19668006212,0.4182188188,0.38264739757,0.00049040894071,0.31216963196,0.17782724773,0.77097514514,0.00049040894071,0.83402830612,0.83046284256,0.00049040894071,0.00049040894071,0.70244931516,0.00049040894071,0.36848473556,0.098234404624,0.37087926544,0.00049040894071,0.45812684891,0.00049040894071
