cycle,x,y,species,biomass,seq_num
0,0,0,model4,0.01,1
1,0,0,model4,0.026970768854,1
2,0,0,model4,0.072741511831,1
3,0,0,model4,0.1961818231,1
4,0,0,model4,0.25588942113,1
5,0,0,model4,0.2983584248,1
6,0,0,model4,0.31531586823,1
7,0,0,model4,0.32218851335,1
8,0,0,model4,0.32268088519,1
9,0,0,model4,0.32316833332,1
10,0,0,model4,0.32365090697,1
11,0,0,model4,0.32412865488,1
12,0,0,model4,0.32460162531,1
13,0,0,model4,0.32506986603,1
14,0,0,model4,0.32553342435,1
15,0,0,model4,0.3259921668,1
16,0,0,model4,0.32644295092,1
17,0,0,model4,0.3268892272,1
18,0,0,model4,0.32733104071,1
19,0,0,model4,0.32776843609,1
20,0,0,model4,0.32820145752,1
21,0,0,model4,0.32863014873,1
22,0,0,model4,0.32905455303,1
23,0,0,model4,0.32947471329,1
24,0,0,model4,0.32989067194,1
25,0,0,model4,0.33030247101,1
26,0,0,model4,0.33071015208,1
27,0,0,model4,0.33111375635,1
28,0,0,model4,0.33151332457,1
29,0,0,model4,0.33190889712,1
30,0,0,model4,0.33230051393,1
31,0,0,model4,0.33268821458,1
32,0,0,model4,0.33307203822,1
33,0,0,model4,0.33345202363,1
34,0,0,model4,0.33382820918,1
35,0,0,model4,0.33420063287,1
36,0,0,model4,0.33456933233,1
37,0,0,model4,0.33493434479,1
38,0,0,model4,0.33529570713,1
39,0,0,model4,0.33565345585,1
40,0,0,model4,0.33600762708,1
0,0,0,model7,0.01,2
0,0,0,model4,0.33600762708,2
1,0,0,model7,0.028641467807,2
1,0,0,model4,0.33264755081,2
2,0,0,model7,0.064170007952,2
2,0,0,model4,0.57371284672,2
3,0,0,model7,0.06799608057,2
3,0,0,model4,0.74186043291,2
4,0,0,model7,0.071783892461,2
4,0,0,model4,0.78768430569,2
5,0,0,model7,0.075533826234,2
5,0,0,model4,1.2723094798,2
6,0,0,model7,0.079246260668,2
6,0,0,model4,1.6268308883,2
7,0,0,model7,0.082921570759,2
7,0,0,model4,2.1579486291,2
8,0,0,model7,0.086560127748,2
8,0,0,model4,2.4948453329,2
9,0,0,model7,0.090162299168,2
9,0,0,model4,2.6376160114,2
10,0,0,model7,0.093728448873,2
10,0,0,model4,2.6970435909,2
11,0,0,model7,0.097258937082,2
11,0,0,model4,2.7578471404,2
12,0,0,model7,0.10075412041,2
12,0,0,model4,2.8673686484,2
13,0,0,model7,0.1042143519,2
13,0,0,model4,2.9384055689,2
14,0,0,model7,0.10763998108,2
14,0,0,model4,3.065361207,2
15,0,0,model7,0.11103135397,2
15,0,0,model4,3.1458650743,2
16,0,0,model7,0.11438881312,2
16,0,0,model4,3.1759462707,2
17,0,0,model7,0.11771269769,2
17,0,0,model4,3.1642765856,2
18,0,0,model7,0.12100334341,2
18,0,0,model4,3.1527235974,2
19,0,0,model7,0.12426108267,2
19,0,0,model4,3.1412861391,2
20,0,0,model7,0.12748624454,2
20,0,0,model4,3.1299630553,2
21,0,0,model7,0.13067915479,2
21,0,0,model4,3.1187532024,2
22,0,0,model7,0.13384013594,2
22,0,0,model4,3.107655448,2
23,0,0,model7,0.13696950728,2
23,0,0,model4,3.0966686712,2
24,0,0,model7,0.1445353576,2
24,0,0,model4,3.0857917621,2
25,0,0,model7,0.15192615037,2
25,0,0,model4,3.0706005599,2
26,0,0,model7,0.15487466156,2
26,0,0,model4,3.0556596739,2
27,0,0,model7,0.16226146034,2
27,0,0,model4,3.0451928548,2
28,0,0,model7,0.19323288861,2
28,0,0,model4,3.022574284,2
29,0,0,model7,0.19929132,2
29,0,0,model4,2.9923485411,2
30,0,0,model7,0.2017661795,2
30,0,0,model4,2.9790271014,2
31,0,0,model7,0.2042162904,2
31,0,0,model4,2.9693266081,2
32,0,0,model7,0.20664190019,2
32,0,0,model4,2.9597231196,2
33,0,0,model7,0.20904325389,2
33,0,0,model4,2.9502156661,2
34,0,0,model7,0.21142059405,2
34,0,0,model4,2.940803287,2
35,0,0,model7,0.2137741608,2
35,0,0,model4,2.9314850318,2
36,0,0,model7,0.22057196459,2
36,0,0,model4,2.9222599591,2
37,0,0,model7,0.23375462789,2
37,0,0,model4,2.9087040749,2
38,0,0,model7,0.2425172541,2
38,0,0,model4,2.8888954875,2
39,0,0,model7,0.24785060562,2
39,0,0,model4,2.873530283,2
40,0,0,model7,0.25119396909,2
40,0,0,model4,2.861626938,2
0,0,0,model16,0.01,3
0,0,0,model4,2.861626938,3
0,0,0,model7,0.25119396909,3
1,0,0,model16,0.011722087127,3
1,0,0,model4,2.8517599003,3
1,0,0,model7,0.2534471038,3
2,0,0,model16,0.011604866256,3
2,0,0,model4,2.8430377542,3
2,0,0,model7,0.25091263276,3
3,0,0,model16,0.011488817594,3
3,0,0,model4,2.8378716117,3
3,0,0,model7,0.24840350644,3
4,0,0,model16,0.011373929418,3
4,0,0,model4,2.8327571307,3
4,0,0,model7,0.24591947137,3
5,0,0,model16,0.011260190123,3
5,0,0,model4,2.8276937945,3
5,0,0,model7,0.24346027666,3
6,0,0,model16,0.011147588222,3
6,0,0,model4,2.8226810916,3
6,0,0,model7,0.24102567389,3
7,0,0,model16,0.01103611234,3
7,0,0,model4,2.8177185158,3
7,0,0,model7,0.23861541715,3
8,0,0,model16,0.010925751217,3
8,0,0,model4,2.8128055657,3
8,0,0,model7,0.23622926298,3
9,0,0,model16,0.010816493704,3
9,0,0,model4,2.8079417451,3
9,0,0,model7,0.23386697035,3
10,0,0,model16,0.010708328767,3
10,0,0,model4,2.8031265628,3
10,0,0,model7,0.23152830065,3
11,0,0,model16,0.01060124548,3
11,0,0,model4,2.7981175536,3
11,0,0,model7,0.22921301764,3
12,0,0,model16,0.010495233025,3
12,0,0,model4,2.7931586345,3
12,0,0,model7,0.22692088747,3
13,0,0,model16,0.010390280695,3
13,0,0,model4,2.7882493046,3
13,0,0,model7,0.22465167859,3
14,0,0,model16,0.010286377888,3
14,0,0,model4,2.783389068,3
14,0,0,model7,0.2224051618,3
15,0,0,model16,0.010183514109,3
15,0,0,model4,2.7785774338,3
15,0,0,model7,0.22018111019,3
16,0,0,model16,0.010081678968,3
16,0,0,model4,2.7738139159,3
16,0,0,model7,0.21797929908,3
17,0,0,model16,0.0099808621781,3
17,0,0,model4,2.7690980332,3
17,0,0,model7,0.21579950609,3
18,0,0,model16,0.0098810535563,3
18,0,0,model4,2.7644293094,3
18,0,0,model7,0.21364151103,3
19,0,0,model16,0.0097822430207,3
19,0,0,model4,2.7598072727,3
19,0,0,model7,0.21150509592,3
20,0,0,model16,0.0096844205905,3
20,0,0,model4,2.7552314565,3
20,0,0,model7,0.20939004496,3
21,0,0,model16,0.0095875763846,3
21,0,0,model4,2.7507013984,3
21,0,0,model7,0.20729614451,3
22,0,0,model16,0.0094917006208,3
22,0,0,model4,2.7462166408,3
22,0,0,model7,0.20522318307,3
23,0,0,model16,0.0093967836146,3
23,0,0,model4,2.7417767309,3
23,0,0,model7,0.20317095124,3
24,0,0,model16,0.0093028157784,3
24,0,0,model4,2.73738122,3
24,0,0,model7,0.20113924173,3
25,0,0,model16,0.0092097876206,3
25,0,0,model4,2.7330296643,3
25,0,0,model7,0.19912784931,3
26,0,0,model16,0.0091176897444,3
26,0,0,model4,2.7287216241,3
26,0,0,model7,0.19713657082,3
27,0,0,model16,0.009026512847,3
27,0,0,model4,2.7244566643,3
27,0,0,model7,0.19516520511,3
28,0,0,model16,0.0089362477185,3
28,0,0,model4,2.7202343541,3
28,0,0,model7,0.19321355306,3
29,0,0,model16,0.0088468852413,3
29,0,0,model4,2.7160542671,3
29,0,0,model7,0.19128141753,3
30,0,0,model16,0.0087584163889,3
30,0,0,model4,2.7119159809,3
30,0,0,model7,0.18936860335,3
31,0,0,model16,0.008670832225,3
31,0,0,model4,2.7078190775,3
31,0,0,model7,0.18747491732,3
32,0,0,model16,0.0085841239028,3
32,0,0,model4,2.7037631432,3
32,0,0,model7,0.18560016814,3
33,0,0,model16,0.0084982826638,3
33,0,0,model4,2.6997477682,3
33,0,0,model7,0.18374416646,3
34,0,0,model16,0.0084132998371,3
34,0,0,model4,2.695772547,3
34,0,0,model7,0.1819067248,3
35,0,0,model16,0.0083291668388,3
35,0,0,model4,2.6972133262,3
35,0,0,model7,0.18008765755,3
36,0,0,model16,0.0082458751704,3
36,0,0,model4,2.693505428,3
36,0,0,model7,0.17828678097,3
37,0,0,model16,0.0081634164187,3
37,0,0,model4,2.6898346088,3
37,0,0,model7,0.17650391316,3
38,0,0,model16,0.0080817822545,3
38,0,0,model4,2.6862004978,3
38,0,0,model7,0.17473887403,3
39,0,0,model16,0.0087771004695,3
39,0,0,model4,2.6705825569,3
39,0,0,model7,0.20773503165,3
40,0,0,model16,0.0086893301578,3
40,0,0,model4,2.643876732,3
40,0,0,model7,0.2120001162,3
0,0,0,model9,0.01,4
0,0,0,model4,2.643876732,4
0,0,0,model7,0.2120001162,4
0,0,0,model16,0.0086893301578,4
1,0,0,model9,0.0099000000228,4
1,0,0,model4,2.6217897088,4
1,0,0,model7,0.2098801151,4
1,0,0,model16,0.0086024369137,4
2,0,0,model9,0.0098010000226,4
2,0,0,model4,2.6268128682,4
2,0,0,model7,0.20778131394,4
2,0,0,model16,0.0085164125446,4
3,0,0,model9,0.0097029900223,4
3,0,0,model4,2.6383926715,4
3,0,0,model7,0.20570350081,4
3,0,0,model16,0.0084312484191,4
4,0,0,model9,0.0096059601221,4
4,0,0,model4,2.6922464705,4
4,0,0,model7,0.2036464658,4
4,0,0,model16,0.0083469359349,4
5,0,0,model9,0.0095099005209,4
5,0,0,model4,2.7097466072,4
5,0,0,model7,0.20161000114,4
5,0,0,model16,0.0082634665756,4
6,0,0,model9,0.0094148015157,4
6,0,0,model4,2.7270717126,4
6,0,0,model7,0.19959390113,4
6,0,0,model16,0.0081808319098,4
7,0,0,model9,0.0093206535005,4
7,0,0,model4,2.7442237153,4
7,0,0,model7,0.19759796212,4
7,0,0,model16,0.0080990235907,4
8,0,0,model9,0.0092274469655,4
8,0,0,model4,2.7612040496,4
8,0,0,model7,0.1956219825,4
8,0,0,model16,0.0080180333548,4
9,0,0,model9,0.0091351724959,4
9,0,0,model4,2.7564941301,4
9,0,0,model7,0.19366576267,4
9,0,0,model16,0.0079378530213,4
10,0,0,model9,0.0090438207709,4
10,0,0,model4,2.7568703432,4
10,0,0,model7,0.19172910504,4
10,0,0,model16,0.0078584744911,4
11,0,0,model9,0.0089533825632,4
11,0,0,model4,2.7721533915,4
11,0,0,model7,0.18981181399,4
11,0,0,model16,0.0077798897461,4
12,0,0,model9,0.0088638487376,4
12,0,0,model4,2.8274849151,4
12,0,0,model7,0.18791369585,4
12,0,0,model16,0.0077020908487,4
13,0,0,model9,0.0087752102502,4
13,0,0,model4,2.8436327565,4
13,0,0,model7,0.18603455889,4
13,0,0,model16,0.0076250699402,4
14,0,0,model9,0.0086874581477,4
14,0,0,model4,2.8596190304,4
14,0,0,model7,0.18417421331,4
14,0,0,model16,0.0075488192408,4
15,0,0,model9,0.0086005835662,4
15,0,0,model4,2.8754454563,4
15,0,0,model7,0.18233247117,4
15,0,0,model16,0.0074733310484,4
16,0,0,model9,0.0085145777305,4
16,0,0,model4,2.8911136252,4
16,0,0,model7,0.18050914646,4
16,0,0,model16,0.0073985977379,4
17,0,0,model9,0.0084294319532,4
17,0,0,model4,2.9066251718,4
17,0,0,model7,0.178704055,4
17,0,0,model16,0.0073246117605,4
18,0,0,model9,0.0083451376337,4
18,0,0,model4,2.9219815514,4
18,0,0,model7,0.17691701445,4
18,0,0,model16,0.0072513656429,4
19,0,0,model9,0.0082616862574,4
19,0,0,model4,2.9371843074,4
19,0,0,model7,0.1751478443,4
19,0,0,model16,0.0071788519865,4
20,0,0,model9,0.0081790693948,4
20,0,0,model4,2.9522351549,4
20,0,0,model7,0.17339636586,4
20,0,0,model16,0.0071070634666,4
21,0,0,model9,0.0080972787009,4
21,0,0,model4,2.9671354944,4
21,0,0,model7,0.1716624022,4
21,0,0,model16,0.007035992832,4
22,0,0,model9,0.0080163059138,4
22,0,0,model4,2.9818867409,4
22,0,0,model7,0.16994577818,4
22,0,0,model16,0.0069656329036,4
23,0,0,model9,0.0079361428547,4
23,0,0,model4,2.9964906238,4
23,0,0,model7,0.1682463204,4
23,0,0,model16,0.0068959765746,4
24,0,0,model9,0.0078567814262,4
24,0,0,model4,3.0109483489,4
24,0,0,model7,0.16656385719,4
24,0,0,model16,0.0068270168089,4
25,0,0,model9,0.0077782136119,4
25,0,0,model4,3.0252614967,4
25,0,0,model7,0.16489821862,4
25,0,0,model16,0.0067587466408,4
26,0,0,model9,0.0077004314758,4
26,0,0,model4,3.0394315131,4
26,0,0,model7,0.16324923643,4
26,0,0,model16,0.0066911591744,4
27,0,0,model9,0.007623427161,4
27,0,0,model4,3.0534598891,4
27,0,0,model7,0.16161674407,4
27,0,0,model16,0.0066242475826,4
28,0,0,model9,0.0075471928894,4
28,0,0,model4,3.0673479215,4
28,0,0,model7,0.16000057663,4
28,0,0,model16,0.0065580051068,4
29,0,0,model9,0.0074717209605,4
29,0,0,model4,3.0810970736,4
29,0,0,model7,0.15840057086,4
29,0,0,model16,0.0064924250557,4
30,0,0,model9,0.0073970037509,4
30,0,0,model4,3.0947087342,4
30,0,0,model7,0.15681656515,4
30,0,0,model16,0.0064275008052,4
31,0,0,model9,0.0073230337134,4
31,0,0,model4,3.1081842183,4
31,0,0,model7,0.1552483995,4
31,0,0,model16,0.0063632257971,4
32,0,0,model9,0.0072498033763,4
32,0,0,model4,3.1215250667,4
32,0,0,model7,0.15369591551,4
32,0,0,model16,0.0062995935391,4
33,0,0,model9,0.0071773053425,4
33,0,0,model4,3.1347323875,4
33,0,0,model7,0.15215895635,4
33,0,0,model16,0.0062365976037,4
34,0,0,model9,0.0071055322891,4
34,0,0,model4,3.1478077542,4
34,0,0,model7,0.15063736679,4
34,0,0,model16,0.0061742316277,4
35,0,0,model9,0.0070344769662,4
35,0,0,model4,3.1607523079,4
35,0,0,model7,0.14913099312,4
35,0,0,model16,0.0061124893114,4
36,0,0,model9,0.0069641321965,4
36,0,0,model4,3.1735674162,4
36,0,0,model7,0.14763968319,4
36,0,0,model16,0.0060513644183,4
37,0,0,model9,0.0068944908746,4
37,0,0,model4,3.1862543733,4
37,0,0,model7,0.14616328636,4
37,0,0,model16,0.0059908507741,4
38,0,0,model9,0.0068255459658,4
38,0,0,model4,3.1988144609,4
38,0,0,model7,0.14470165349,4
38,0,0,model16,0.0059309422664,4
39,0,0,model9,0.0067572905062,4
39,0,0,model4,3.2112489177,4
39,0,0,model7,0.14325463696,4
39,0,0,model16,0.0058716328437,4
40,0,0,model9,0.0066897176011,4
40,0,0,model4,3.2235590447,4
40,0,0,model7,0.14182209059,4
40,0,0,model16,0.0058129165153,4
0,0,0,model15,0.01,5
0,0,0,model4,3.2235590447,5
0,0,0,model7,0.14182209059,5
0,0,0,model16,0.0058129165153,5
0,0,0,model9,0.0066897176011,5
1,0,0,model15,0.015478255837,5
1,0,0,model4,3.2061423305,5
1,0,0,model7,0.16052411994,5
1,0,0,model16,0.0071186554278,5
1,0,0,model9,0.011284007099,5
2,0,0,model15,0.015336009267,5
2,0,0,model4,3.1740999214,5
2,0,0,model7,0.1634828695,5
2,0,0,model16,0.0070655411993,5
2,0,0,model9,0.014335966226,5
3,0,0,model15,0.015253410113,5
3,0,0,model4,3.1424609298,5
3,0,0,model7,0.16662735798,5
3,0,0,model16,0.0070968972669,5
3,0,0,model9,0.017506769042,5
4,0,0,model15,0.015124602794,5
4,0,0,model4,3.1110725996,5
4,0,0,model7,0.16945330163,5
4,0,0,model16,0.007060133666,5
4,0,0,model9,0.020446740098,5
5,0,0,model15,0.015027203429,5
5,0,0,model4,3.0800422565,5
5,0,0,model7,0.17259517988,5
5,0,0,model16,0.0070671595898,5
5,0,0,model9,0.02359478668,5
6,0,0,model15,0.014889467383,5
6,0,0,model4,3.0492611583,5
6,0,0,model7,0.17564608621,5
6,0,0,model16,0.0070145603196,5
6,0,0,model9,0.026670042122,5
7,0,0,model15,0.014753108698,5
7,0,0,model4,3.018787871,5
7,0,0,model7,0.17866648348,5
7,0,0,model16,0.0069624870421,5
7,0,0,model9,0.029714545009,5
8,0,0,model15,0.014618113599,5
8,0,0,model4,2.9886190064,5
8,0,0,model7,0.18165667677,5
8,0,0,model16,0.0069109344973,5
8,0,0,model9,0.032728602867,5
9,0,0,model15,0.014484468452,5
9,0,0,model4,2.9587518305,5
9,0,0,model7,0.18461696813,5
9,0,0,model16,0.0068598974781,5
9,0,0,model9,0.035712520147,5
10,0,0,model15,0.014352159755,5
10,0,0,model4,2.9291834802,5
10,0,0,model7,0.18744669408,5
10,0,0,model16,0.006809370829,5
10,0,0,model9,0.038666598254,5
11,0,0,model15,0.014235041157,5
11,0,0,model4,2.8999316926,5
11,0,0,model7,0.19036907584,5
11,0,0,model16,0.0067793406211,5
11,0,0,model9,0.041605002591,5
12,0,0,model15,0.014105226734,5
12,0,0,model4,2.8709517,5
12,0,0,model7,0.19324224321,5
12,0,0,model16,0.0067296195406,5
12,0,0,model9,0.044500155873,5
13,0,0,model15,0.013976710455,5
13,0,0,model4,2.8422615072,5
13,0,0,model7,0.1960866789,5
13,0,0,model16,0.0066803956709,5
13,0,0,model9,0.047366357623,5
14,0,0,model15,0.013849479339,5
14,0,0,model4,2.8138582165,5
14,0,0,model7,0.19890267024,5
14,0,0,model16,0.0066316640398,5
14,0,0,model9,0.050203897355,5
15,0,0,model15,0.013723520534,5
15,0,0,model4,2.7857388023,5
15,0,0,model7,0.20169050166,5
15,0,0,model16,0.0065834197251,5
15,0,0,model9,0.05301306169,5
16,0,0,model15,0.013598821317,5
16,0,0,model4,2.7579005822,5
16,0,0,model7,0.20445045477,5
16,0,0,model16,0.0065356578536,5
16,0,0,model9,0.055794134381,5
17,0,0,model15,0.013475369092,5
17,0,0,model4,2.7303407444,5
17,0,0,model7,0.20718280835,5
17,0,0,model16,0.0064883736007,5
17,0,0,model9,0.058547396346,5
18,0,0,model15,0.013353151389,5
18,0,0,model4,2.7030563511,5
18,0,0,model7,0.20988783839,5
18,0,0,model16,0.0064415621904,5
18,0,0,model9,0.061273125691,5
19,0,0,model15,0.013232155864,5
19,0,0,model4,2.6760448018,5
19,0,0,model7,0.21256581813,5
19,0,0,model16,0.0063952188942,5
19,0,0,model9,0.063971597742,5
20,0,0,model15,0.013112370293,5
20,0,0,model4,2.6493034445,5
20,0,0,model7,0.21521701808,5
20,0,0,model16,0.0063493390309,5
20,0,0,model9,0.066643085073,5
21,0,0,model15,0.012993782579,5
21,0,0,model4,2.6228297344,5
21,0,0,model7,0.21784170603,5
21,0,0,model16,0.0063039179663,5
21,0,0,model9,0.069287857531,5
22,0,0,model15,0.012876380741,5
22,0,0,model4,2.5966204512,5
22,0,0,model7,0.22044014709,5
22,0,0,model16,0.0062589511123,5
22,0,0,model9,0.071906182264,5
23,0,0,model15,0.012760152922,5
23,0,0,model4,2.5706734147,5
23,0,0,model7,0.22301260375,5
23,0,0,model16,0.0062144339269,5
23,0,0,model9,0.07449832375,5
24,0,0,model15,0.012645087381,5
24,0,0,model4,2.5449855433,5
24,0,0,model7,0.22555933584,5
24,0,0,model16,0.0061703619133,5
24,0,0,model9,0.077064543821,5
25,0,0,model15,0.012531172496,5
25,0,0,model4,2.5195547021,5
25,0,0,model7,0.2280806006,5
25,0,0,model16,0.0061267306199,5
25,0,0,model9,0.079605101691,5
26,0,0,model15,0.012418396759,5
26,0,0,model4,2.4943781692,5
26,0,0,model7,0.23057665272,5
26,0,0,model16,0.0060835356393,5
26,0,0,model9,0.082120253982,5
27,0,0,model15,0.01230674878,5
27,0,0,model4,2.4694534017,5
27,0,0,model7,0.23304774432,5
27,0,0,model16,0.0060407726086,5
27,0,0,model9,0.084610254751,5
28,0,0,model15,0.012196217281,5
28,0,0,model4,2.4447778819,5
28,0,0,model7,0.23549412501,5
28,0,0,model16,0.0059984372082,5
28,0,0,model9,0.087075355512,5
29,0,0,model15,0.012086791096,5
29,0,0,model4,2.4203491172,5
29,0,0,model7,0.23791604188,5
29,0,0,model16,0.0059565251618,5
29,0,0,model9,0.089515805265,5
30,0,0,model15,0.011978459174,5
30,0,0,model4,2.396164794,5
30,0,0,model7,0.24031373959,5
30,0,0,model16,0.0059150322359,5
30,0,0,model9,0.091931850521,5
31,0,0,model15,0.01187121057,5
31,0,0,model4,2.3722221603,5
31,0,0,model7,0.24268746032,5
31,0,0,model16,0.0058739542392,5
31,0,0,model9,0.094323735324,5
32,0,0,model15,0.011765034453,5
32,0,0,model4,2.3485189528,5
32,0,0,model7,0.24503744385,5
32,0,0,model16,0.0058332870225,5
32,0,0,model9,0.096691701279,5
33,0,0,model15,0.011659920097,5
33,0,0,model4,2.3250529313,5
33,0,0,model7,0.24736392753,5
33,0,0,model16,0.005793026478,5
33,0,0,model9,0.099035987575,5
34,0,0,model15,0.011555856884,5
34,0,0,model4,2.3018214161,5
34,0,0,model7,0.24966714638,5
34,0,0,model16,0.0057531685389,5
34,0,0,model9,0.10135683101,5
35,0,0,model15,0.011452834304,5
35,0,0,model4,2.2788222162,5
35,0,0,model7,0.25194733305,5
35,0,0,model16,0.0057137091792,5
35,0,0,model9,0.10365446601,5
36,0,0,model15,0.011350841949,5
36,0,0,model4,2.2560530848,5
36,0,0,model7,0.25420471784,5
36,0,0,model16,0.0056746444131,5
36,0,0,model9,0.10592912465,5
37,0,0,model15,0.011249869518,5
37,0,0,model4,2.2335117219,5
37,0,0,model7,0.25643952879,5
37,0,0,model16,0.0056359702947,5
37,0,0,model9,0.10818103672,5
38,0,0,model15,0.011149906811,5
38,0,0,model4,2.2111956954,5
38,0,0,model7,0.25865199163,5
38,0,0,model16,0.0055976829174,5
38,0,0,model9,0.11041042966,5
39,0,0,model15,0.011050943731,5
39,0,0,model4,2.1891029065,5
39,0,0,model7,0.26084232984,5
39,0,0,model16,0.0055597784139,5
39,0,0,model9,0.11261752867,5
40,0,0,model15,0.010952970282,5
40,0,0,model4,2.1672309682,5
40,0,0,model7,0.26301076467,5
40,0,0,model16,0.0055222529555,5
40,0,0,model9,0.11480255669,5
0,0,0,model2,0.01,6
0,0,0,model4,2.1672309682,6
0,0,0,model7,0.26301076467,6
0,0,0,model16,0.0055222529555,6
0,0,0,model9,0.11480255669,6
0,0,0,model15,0.010952970282,6
1,0,0,model2,0.010824383019,6
1,0,0,model4,2.1455747621,6
1,0,0,model7,0.26449574143,6
1,0,0,model16,0.0054820906974,6
1,0,0,model9,0.11587241423,6
1,0,0,model15,0.010853887236,6
2,0,0,model2,0.010716139327,6
2,0,0,model4,2.1241190146,6
2,0,0,model7,0.26585707521,6
2,0,0,model16,0.0054272699067,6
2,0,0,model9,0.11742615483,6
2,0,0,model15,0.010745348854,6
3,0,0,model2,0.010608978114,6
3,0,0,model4,2.1028778246,6
3,0,0,model7,0.2672047957,6
3,0,0,model16,0.0053729973806,6
3,0,0,model9,0.11896435805,6
3,0,0,model15,0.010637895811,6
4,0,0,model2,0.01050288851,6
4,0,0,model4,2.0818490465,6
4,0,0,model7,0.26853903898,6
4,0,0,model16,0.0053192675927,6
4,0,0,model9,0.12048717924,6
4,0,0,model15,0.010531517399,6
5,0,0,model2,0.010397859767,6
5,0,0,model4,2.0610305562,6
5,0,0,model7,0.26985993978,6
5,0,0,model16,0.0052660750468,6
5,0,0,model9,0.12199477218,6
5,0,0,model15,0.010426202509,6
6,0,0,model2,0.010293881334,6
6,0,0,model4,2.0404202508,6
6,0,0,model7,0.2711676316,6
6,0,0,model16,0.005213414463,6
6,0,0,model9,0.12348728922,6
6,0,0,model15,0.010321941087,6
7,0,0,model2,0.010190942729,6
7,0,0,model4,2.0200160485,6
7,0,0,model7,0.27246224656,6
7,0,0,model16,0.0051612805583,6
7,0,0,model9,0.12496488113,6
7,0,0,model15,0.0102187222,6
8,0,0,model2,0.010089033487,6
8,0,0,model4,1.9998158881,6
8,0,0,model7,0.27374391534,6
8,0,0,model16,0.0051096679503,6
8,0,0,model9,0.12642769709,6
8,0,0,model15,0.010116535694,6
9,0,0,model2,0.0099881432911,6
9,0,0,model4,1.9798177294,6
9,0,0,model7,0.27443039276,6
9,0,0,model16,0.0050585713949,6
9,0,0,model9,0.12787588486,6
9,0,0,model15,0.010015370639,6
10,0,0,model2,0.0099549186669,6
10,0,0,model4,1.9601156432,6
10,0,0,model7,0.27578847178,6
10,0,0,model16,0.0051040804296,6
10,0,0,model9,0.12937624743,6
10,0,0,model15,0.0099818736915,6
11,0,0,model2,0.0098553696193,6
11,0,0,model4,1.9405144869,6
11,0,0,model7,0.27703687825,6
11,0,0,model16,0.0050530397547,6
11,0,0,model9,0.13079494969,6
11,0,0,model15,0.0098820552561,6
12,0,0,model2,0.0097568160643,6
12,0,0,model4,1.9211093422,6
12,0,0,model7,0.27797619905,6
12,0,0,model16,0.0050025094744,6
12,0,0,model9,0.13202911528,6
12,0,0,model15,0.0097832349545,6
13,0,0,model2,0.0096931961191,6
13,0,0,model4,1.9019485299,6
13,0,0,model7,0.2787093798,6
13,0,0,model16,0.0050014252594,6
13,0,0,model9,0.13311717289,6
13,0,0,model15,0.0097193507702,6
14,0,0,model2,0.0096583327929,6
14,0,0,model4,1.8830185215,6
14,0,0,model7,0.28001805467,6
14,0,0,model16,0.0050408912813,6
14,0,0,model9,0.13456053441,6
14,0,0,model15,0.0096842258473,6
15,0,0,model2,0.0095617496062,6
15,0,0,model4,1.8641883364,6
15,0,0,model7,0.28122416531,6
15,0,0,model16,0.0049904824979,6
15,0,0,model9,0.1359273938,6
15,0,0,model15,0.0095873838617,6
16,0,0,model2,0.0094661322513,6
16,0,0,model4,1.8455464531,6
16,0,0,model7,0.28204298489,6
16,0,0,model16,0.0049405777902,6
16,0,0,model9,0.1370563538,6
16,0,0,model15,0.0094915102748,6
17,0,0,model2,0.0094084691477,6
17,0,0,model4,1.8271453611,6
17,0,0,model7,0.2830349334,6
17,0,0,model16,0.0049445098854,6
17,0,0,model9,0.1384352531,6
17,0,0,model15,0.0094335933408,6
18,0,0,model2,0.0093426839041,6
18,0,0,model4,1.8089158221,6
18,0,0,model7,0.28425167134,6
18,0,0,model16,0.0049358622024,6
18,0,0,model9,0.13979166462,6
18,0,0,model15,0.009367556805,6
19,0,0,model2,0.0092492572062,6
19,0,0,model4,1.790826664,6
19,0,0,model7,0.28541544582,6
19,0,0,model16,0.0048865037098,6
19,0,0,model9,0.14110621271,6
19,0,0,model15,0.0092738815219,6
20,0,0,model2,0.0091567648122,6
20,0,0,model4,1.7729183976,6
20,0,0,model7,0.28615428393,6
20,0,0,model16,0.0048376388569,6
20,0,0,model9,0.14215729746,6
20,0,0,model15,0.0091811430404,6
21,0,0,model2,0.0091125021413,6
21,0,0,model4,1.7552574075,6
21,0,0,model7,0.28652862086,6
21,0,0,model16,0.0048574589297,6
21,0,0,model9,0.14347028643,6
21,0,0,model15,0.0091366365369,6
22,0,0,model2,0.0091173613562,6
22,0,0,model4,1.7378432024,6
22,0,0,model7,0.28713204431,6
22,0,0,model16,0.0049472585493,6
22,0,0,model9,0.14441533409,6
22,0,0,model15,0.0091412543577,6
23,0,0,model2,0.0091035550966,6
23,0,0,model4,1.7205763017,6
23,0,0,model7,0.28780505228,6
23,0,0,model16,0.0050093214146,6
23,0,0,model9,0.14540230421,6
23,0,0,model15,0.0091272091179,6
24,0,0,model2,0.0090781600357,6
24,0,0,model4,1.7034651647,6
24,0,0,model7,0.28847459811,6
24,0,0,model16,0.0050538577878,6
24,0,0,model9,0.14638131713,6
24,0,0,model15,0.0091015774665,6
25,0,0,model2,0.009050709955,6
25,0,0,model4,1.6865218106,6
25,0,0,model7,0.28912980126,6
25,0,0,model16,0.0050946201039,6
25,0,0,model9,0.14734522969,6
25,0,0,model15,0.0090738931614,6
26,0,0,model2,0.0090240286706,6
26,0,0,model4,1.6697486025,6
26,0,0,model7,0.28977525916,6
26,0,0,model16,0.0051356873905,6
26,0,0,model9,0.14829732724,6
26,0,0,model15,0.0090469799946,6
27,0,0,model2,0.0089980612437,6
27,0,0,model4,1.653143771,6
27,0,0,model7,0.29041399796,6
27,0,0,model16,0.0051769884799,6
27,0,0,model9,0.14923973509,6
27,0,0,model15,0.0090207830044,6
28,0,0,model2,0.0089724575296,6
28,0,0,model4,1.6367051377,6
28,0,0,model7,0.29077163281,6
28,0,0,model16,0.0052180265438,6
28,0,0,model9,0.15052417925,6
28,0,0,model15,0.0089949520224,6
29,0,0,model2,0.0089785701922,6
29,0,0,model4,1.6204762435,6
29,0,0,model7,0.29135607343,6
29,0,0,model16,0.0053040085692,6
29,0,0,model9,0.15141477041,6
29,0,0,model15,0.0090008396899,6
30,0,0,model2,0.0089634438888,6
30,0,0,model4,1.6043791086,6
30,0,0,model7,0.29171504357,6
30,0,0,model16,0.0053586000495,6
30,0,0,model9,0.15268774672,6
30,0,0,model15,0.0089854906413,6
31,0,0,model2,0.0088738095922,6
31,0,0,model4,1.5883353176,6
31,0,0,model7,0.29233396563,6
31,0,0,model16,0.0053050141785,6
31,0,0,model9,0.15411658083,6
31,0,0,model15,0.0088956359437,6
32,0,0,model2,0.0087850716517,6
32,0,0,model4,1.5724519646,6
32,0,0,model7,0.29314783479,6
32,0,0,model16,0.0052519641881,6
32,0,0,model9,0.15513952677,6
32,0,0,model15,0.0088066798411,6
33,0,0,model2,0.0087782566429,6
33,0,0,model4,1.5568442644,6
33,0,0,model7,0.29365853158,6
33,0,0,model16,0.0053162684258,6
33,0,0,model9,0.15594928439,6
33,0,0,model15,0.0087996487002,6
34,0,0,model2,0.0087684119793,6
34,0,0,model4,1.5413881755,6
34,0,0,model7,0.29425163988,6
34,0,0,model16,0.0053754637157,6
34,0,0,model9,0.15681089244,6
34,0,0,model15,0.0087895900658,6
35,0,0,model2,0.008748137542,6
35,0,0,model4,1.5260714703,6
35,0,0,model7,0.29485417373,6
35,0,0,model16,0.0054188891966,6
35,0,0,model9,0.15767412341,6
35,0,0,model15,0.0087691037975,6
36,0,0,model2,0.0087245710208,6
36,0,0,model4,1.510902894,6
36,0,0,model7,0.29544636049,6
36,0,0,model16,0.0054568421543,6
36,0,0,model9,0.158525659,6
36,0,0,model15,0.0087453275635,6
37,0,0,model2,0.0087011581732,6
37,0,0,model4,1.4958858852,6
37,0,0,model7,0.29575355388,6
37,0,0,model16,0.0054942973803,6
37,0,0,model9,0.15971669988,6
37,0,0,model15,0.0087217071002,6
38,0,0,model2,0.0087099075511,6
38,0,0,model4,1.4810650735,6
38,0,0,model7,0.2962802816,6
38,0,0,model16,0.0055774067319,6
38,0,0,model9,0.16050994829,6
38,0,0,model15,0.0087302509387,6
39,0,0,model2,0.0086983587741,6
39,0,0,model4,1.4663633346,6
39,0,0,model7,0.29686483803,6
39,0,0,model16,0.0056305485836,6
39,0,0,model9,0.16133800071,6
39,0,0,model15,0.0087184986776,6
40,0,0,model2,0.008676368962,6
40,0,0,model4,1.451793395,6
40,0,0,model7,0.29744313921,6
40,0,0,model16,0.0056679403588,6
40,0,0,model9,0.16215719471,6
40,0,0,model15,0.0086963074163,6
0,0,0,model19,0.01,7
0,0,0,model4,1.451793395,7
0,0,0,model7,0.29744313921,7
0,0,0,model16,0.0056679403588,7
0,0,0,model9,0.16215719471,7
0,0,0,model15,0.0086963074163,7
0,0,0,model2,0.008676368962,7
1,0,0,model19,0.012585100077,7
1,0,0,model4,1.4373536757,7
1,0,0,model7,0.29724979148,7
1,0,0,model16,0.0056894784845,7
1,0,0,model9,0.16239818865,7
1,0,0,model15,0.0086636004491,7
1,0,0,model2,0.008643861417,7
2,0,0,model19,0.026785232658,7
2,0,0,model4,1.4271037475,7
2,0,0,model7,0.51093112489,7
2,0,0,model16,0.0065717604011,7
2,0,0,model9,0.29119774961,7
2,0,0,model15,0.011086911447,7
2,0,0,model2,0.026184717848,7
3,0,0,model19,0.053990686591,7
3,0,0,model4,2.1063300679,7
3,0,0,model7,0.89412185889,7
3,0,0,model16,0.0074296961665,7
3,0,0,model9,0.51836074728,7
3,0,0,model15,0.029903595236,7
3,0,0,model2,0.11535891441,7
4,0,0,model19,0.098208488921,7
4,0,0,model4,2.3647219791,7
4,0,0,model7,1.5312175888,7
4,0,0,model16,0.0080188903395,7
4,0,0,model9,0.89467364574,7
4,0,0,model15,0.080602288886,7
4,0,0,model2,0.5051367853,7
5,0,0,model19,0.099667666298,7
5,0,0,model4,3.4511850995,7
5,0,0,model7,2.4224104722,7
5,0,0,model16,0.0084707381571,7
5,0,0,model9,1.4395836059,7
5,0,0,model15,0.2174369938,7
5,0,0,model2,2.1331232365,7
6,0,0,model19,0.10110808633,7
6,0,0,model4,4.289091332,7
6,0,0,model7,3.6593497629,7
6,0,0,model16,0.0092587485088,7
6,0,0,model9,1.7350194614,7
6,0,0,model15,0.33880547327,7
6,0,0,model2,5.520244173,7
7,0,0,model19,0.10009700547,7
7,0,0,model4,4.3006103131,7
7,0,0,model7,4.2062007449,7
7,0,0,model16,0.0091661610237,7
7,0,0,model9,1.7176692668,7
7,0,0,model15,0.33541741854,7
7,0,0,model2,5.4650417313,7
8,0,0,model19,0.099096035415,7
8,0,0,model4,4.3121602301,7
8,0,0,model7,4.858502782,7
8,0,0,model16,0.0090744994135,7
8,0,0,model9,1.7004925742,7
8,0,0,model15,0.33206324435,7
8,0,0,model2,5.410391314,7
9,0,0,model19,0.098105075061,7
9,0,0,model4,4.3237411661,7
9,0,0,model7,6.1903046576,7
9,0,0,model16,0.0089837544193,7
9,0,0,model9,1.6834876484,7
9,0,0,model15,0.32874261191,7
9,0,0,model2,5.3562874009,7
10,0,0,model19,0.09712402431,7
10,0,0,model4,4.3353532043,7
10,0,0,model7,6.3251243843,7
10,0,0,model16,0.0088939168752,7
10,0,0,model9,1.6666527719,7
10,0,0,model15,0.32545518579,7
10,0,0,model2,5.3027245269,7
11,0,0,model19,0.096152784067,7
11,0,0,model4,4.3469964284,7
11,0,0,model7,6.3603110639,7
11,0,0,model16,0.0088049777064,7
11,0,0,model9,1.6499862442,7
11,0,0,model15,0.32220063393,7
11,0,0,model2,5.2496972816,7
12,0,0,model19,0.095191256226,7
12,0,0,model4,4.3586709221,7
12,0,0,model7,6.363343523,7
12,0,0,model16,0.0087169279293,7
12,0,0,model9,1.6334863818,7
12,0,0,model15,0.31897862759,7
12,0,0,model2,5.1972003088,7
13,0,0,model19,0.094239343664,7
13,0,0,model4,4.3703767693,7
13,0,0,model7,6.4932340343,7
13,0,0,model16,0.00862975865,7
13,0,0,model9,1.617151518,7
13,0,0,model15,0.31578884132,7
13,0,0,model2,5.1452283057,7
14,0,0,model19,0.093296950227,7
14,0,0,model4,4.3821140543,7
14,0,0,model7,6.6213612051,7
14,0,0,model16,0.0085434610635,7
14,0,0,model9,1.6009800028,7
14,0,0,model15,0.3126309529,7
14,0,0,model2,5.0937760226,7
15,0,0,model19,0.092363980725,7
15,0,0,model4,4.3938828615,7
15,0,0,model7,6.6575259135,7
15,0,0,model16,0.0084580264529,7
15,0,0,model9,1.5849702027,7
15,0,0,model15,0.30950464338,7
15,0,0,model2,5.0428382624,7
16,0,0,model19,0.091440340918,7
16,0,0,model4,4.4056832755,7
16,0,0,model7,6.7886265459,7
16,0,0,model16,0.0083734461884,7
16,0,0,model9,1.5691205007,7
16,0,0,model15,0.30640959694,7
16,0,0,model2,4.9924098798,7
17,0,0,model19,0.090525937509,7
17,0,0,model4,4.4175153813,7
17,0,0,model7,6.8256334941,7
17,0,0,model16,0.0082897117265,7
17,0,0,model9,1.5534292957,7
17,0,0,model15,0.30334550097,7
17,0,0,model2,4.942485781,7
18,0,0,model19,0.089620678134,7
18,0,0,model4,4.4293792639,7
18,0,0,model7,6.8283324296,7
18,0,0,model16,0.0082068146092,7
18,0,0,model9,1.5378950028,7
18,0,0,model15,0.30031204596,7
18,0,0,model2,4.8930609232,7
19,0,0,model19,0.088724471352,7
19,0,0,model4,4.4412750087,7
19,0,0,model7,6.8313575014,7
19,0,0,model16,0.0081247464631,7
19,0,0,model9,1.5225160527,7
19,0,0,model15,0.2973089255,7
19,0,0,model2,4.8441303139,7
20,0,0,model19,0.087837226639,7
20,0,0,model4,4.4532027012,7
20,0,0,model7,6.8346708478,7
20,0,0,model16,0.0080434989985,7
20,0,0,model9,1.5072908922,7
20,0,0,model15,0.29433583625,7
20,0,0,model2,4.7956890108,7
21,0,0,model19,0.086958854372,7
21,0,0,model4,4.4651624274,7
21,0,0,model7,6.8378745465,7
21,0,0,model16,0.0079630640085,7
21,0,0,model9,1.4922179833,7
21,0,0,model15,0.29139247789,7
21,0,0,model2,4.7477321207,7
22,0,0,model19,0.086089265829,7
22,0,0,model4,4.4771542731,7
22,0,0,model7,6.9769830062,7
22,0,0,model16,0.0078834333684,7
22,0,0,model9,1.4772958034,7
22,0,0,model15,0.28847855311,7
22,0,0,model2,4.7002547995,7
23,0,0,model19,0.08522837317,7
23,0,0,model4,4.4891783246,7
23,0,0,model7,7.0149343065,7
23,0,0,model16,0.0078045990348,7
23,0,0,model9,1.4625228454,7
23,0,0,model15,0.28559376758,7
23,0,0,model2,4.6532522515,7
24,0,0,model19,0.084376089439,7
24,0,0,model4,4.5012346685,7
24,0,0,model7,7.0530753576,7
24,0,0,model16,0.0077265530444,7
24,0,0,model9,1.447897617,7
24,0,0,model15,0.2827378299,7
24,0,0,model2,4.606719729,7
25,0,0,model19,0.083532328544,7
25,0,0,model4,4.5133233915,7
25,0,0,model7,7.046651422,7
25,0,0,model16,0.007649287514,7
25,0,0,model9,1.4334186408,7
25,0,0,model15,0.2799104516,7
25,0,0,model2,4.5606525317,7
26,0,0,model19,0.082697005259,7
26,0,0,model4,4.5254445805,7
26,0,0,model7,7.085641731,7
26,0,0,model16,0.0075727946388,7
26,0,0,model9,1.4190844544,7
26,0,0,model15,0.27711134709,7
26,0,0,model2,4.5150460064,7
27,0,0,model19,0.081870035206,7
27,0,0,model4,4.5375983228,7
27,0,0,model7,7.1058237756,7
27,0,0,model16,0.0074970666924,7
27,0,0,model9,1.4048936098,7
27,0,0,model15,0.27434023361,7
27,0,0,model2,4.4698955463,7
28,0,0,model19,0.081051334854,7
28,0,0,model4,4.5497847057,7
28,0,0,model7,7.1256810118,7
28,0,0,model16,0.0074220960255,7
28,0,0,model9,1.3908446737,7
28,0,0,model15,0.27159683128,7
28,0,0,model2,4.4251965908,7
29,0,0,model19,0.080240821506,7
29,0,0,model4,4.5620038169,7
29,0,0,model7,7.2651280489,7
29,0,0,model16,0.0073478750653,7
29,0,0,model9,1.376936227,7
29,0,0,model15,0.26888086297,7
29,0,0,model2,4.3809446249,7
30,0,0,model19,0.079438413291,7
30,0,0,model4,4.5742557443,7
30,0,0,model7,7.3036943353,7
30,0,0,model16,0.0072743963146,7
30,0,0,model9,1.3631668647,7
30,0,0,model15,0.26619205434,7
30,0,0,model2,4.3371351787,7
31,0,0,model19,0.078644029158,7
31,0,0,model4,4.586540576,7
31,0,0,model7,7.3424457919,7
31,0,0,model16,0.0072016523515,7
31,0,0,model9,1.3495351961,7
31,0,0,model15,0.26353013379,7
31,0,0,model2,4.2937638269,7
32,0,0,model19,0.077857588866,7
32,0,0,model4,4.5988584005,7
32,0,0,model7,7.383315469,7
32,0,0,model16,0.0071296358279,7
32,0,0,model9,1.3360398441,7
32,0,0,model15,0.26089483245,7
32,0,0,model2,4.2508261886,7
33,0,0,model19,0.077079012977,7
33,0,0,model4,4.6112093062,7
33,0,0,model7,7.5273347272,7
33,0,0,model16,0.0070583394697,7
33,0,0,model9,1.3226794457,7
33,0,0,model15,0.25828588413,7
33,0,0,model2,4.2083179267,7
34,0,0,model19,0.076308222848,7
34,0,0,model4,4.6235933822,7
34,0,0,model7,7.567162325,7
34,0,0,model16,0.006987756075,7
34,0,0,model9,1.3094526512,7
34,0,0,model15,0.25570302529,7
34,0,0,model2,4.1662347475,7
35,0,0,model19,0.075545140619,7
35,0,0,model4,4.6360107174,7
35,0,0,model7,7.570521741,7
35,0,0,model16,0.0069178785142,7
35,0,0,model9,1.2963581247,7
35,0,0,model15,0.25314599504,7
35,0,0,model2,4.1245724,7
36,0,0,model19,0.074789689213,7
36,0,0,model4,4.6484614011,7
36,0,0,model7,7.612592376,7
36,0,0,model16,0.0068486997291,7
36,0,0,model9,1.2833945435,7
36,0,0,model15,0.25061453509,7
36,0,0,model2,4.083326676,7
37,0,0,model19,0.074041792321,7
37,0,0,model4,4.660945523,7
37,0,0,model7,7.6552084888,7
37,0,0,model16,0.0067802127318,7
37,0,0,model9,1.270560598,7
37,0,0,model15,0.24810838973,7
37,0,0,model2,4.0424934092,7
38,0,0,model19,0.073301374398,7
38,0,0,model4,4.6734631728,7
38,0,0,model7,7.8040125662,7
38,0,0,model16,0.0067124106045,7
38,0,0,model9,1.257854992,7
38,0,0,model15,0.24562730584,7
38,0,0,model2,4.0020684751,7
39,0,0,model19,0.072568360654,7
39,0,0,model4,4.6860144406,7
39,0,0,model7,7.9554359468,7
39,0,0,model16,0.0066452864984,7
39,0,0,model9,1.2452764421,7
39,0,0,model15,0.24317103278,7
39,0,0,model2,3.9620477904,7
40,0,0,model19,0.071842677047,7
40,0,0,model4,4.6985994166,7
40,0,0,model7,7.9982235471,7
40,0,0,model16,0.0065788336334,7
40,0,0,model9,1.2328236777,7
40,0,0,model15,0.24073932245,7
40,0,0,model2,3.9224273125,7
0,0,0,model3,0.01,8
0,0,0,model4,4.6985994166,8
0,0,0,model7,7.9982235471,8
0,0,0,model16,0.0065788336334,8
0,0,0,model9,1.2328236777,8
0,0,0,model15,0.24073932245,8
0,0,0,model2,3.9224273125,8
0,0,0,model19,0.071842677047,8
1,0,0,model3,0.0099,8
1,0,0,model4,4.6688509971,8
1,0,0,model7,7.9182413116,8
1,0,0,model16,0.0065130452971,8
1,0,0,model9,1.2204954409,8
1,0,0,model15,0.23833192923,8
1,0,0,model2,3.8832030394,8
1,0,0,model19,0.071124250277,8
2,0,0,model3,0.009801,8
2,0,0,model4,4.6392909249,8
2,0,0,model7,7.8390588985,8
2,0,0,model16,0.0064479148441,8
2,0,0,model9,1.2082904865,8
2,0,0,model15,0.23594860993,8
2,0,0,model2,3.844371009,8
2,0,0,model19,0.070413007774,8
3,0,0,model3,0.00970299,8
3,0,0,model4,4.6099180076,8
3,0,0,model7,7.7606683095,8
3,0,0,model16,0.0063834356957,8
3,0,0,model9,1.1962075816,8
3,0,0,model15,0.23358912383,8
3,0,0,model2,3.8059272989,8
3,0,0,model19,0.069708877696,8
4,0,0,model3,0.0096059601,8
4,0,0,model4,4.58073106,8
4,0,0,model7,7.6830616264,8
4,0,0,model16,0.0063196013387,8
4,0,0,model9,1.1842455058,8
4,0,0,model15,0.2312532326,8
4,0,0,model2,3.7678680259,8
4,0,0,model19,0.069011788919,8
5,0,0,model3,0.009509900499,8
5,0,0,model4,4.5517289049,8
5,0,0,model7,7.6062310102,8
5,0,0,model16,0.0062564053253,8
5,0,0,model9,1.1724030508,8
5,0,0,model15,0.22894070027,8
5,0,0,model2,3.7301893456,8
5,0,0,model19,0.06832167103,8
6,0,0,model3,0.009414801494,8
6,0,0,model4,4.5229103722,8
6,0,0,model7,7.5301687001,8
6,0,0,model16,0.0061938412721,8
6,0,0,model9,1.1606790203,8
6,0,0,model15,0.22665129327,8
6,0,0,model2,3.6928874522,8
6,0,0,model19,0.06763845432,8
7,0,0,model3,0.0093206534791,8
7,0,0,model4,4.4942742994,8
7,0,0,model7,7.4548670131,8
7,0,0,model16,0.0061319028593,8
7,0,0,model9,1.1490722301,8
7,0,0,model15,0.22438478033,8
7,0,0,model2,3.6559585777,8
7,0,0,model19,0.066962069776,8
8,0,0,model3,0.0092274469443,8
8,0,0,model4,4.4658195313,8
8,0,0,model7,7.3803183429,8
8,0,0,model16,0.0060705838307,8
8,0,0,model9,1.1375815078,8
8,0,0,model15,0.22214093253,8
8,0,0,model2,3.6193989919,8
8,0,0,model19,0.066292449079,8
9,0,0,model3,0.0091351724748,8
9,0,0,model4,4.4375449199,8
9,0,0,model7,7.3065151595,8
9,0,0,model16,0.0060098779924,8
9,0,0,model9,1.1262056927,8
9,0,0,model15,0.21991952321,8
9,0,0,model2,3.583205002,8
9,0,0,model19,0.065629524588,8
10,0,0,model3,0.0090438207501,8
10,0,0,model4,4.4094493245,8
10,0,0,model7,7.2334500079,8
10,0,0,model16,0.0059497792125,8
10,0,0,model9,1.1149436358,8
10,0,0,model15,0.21772032797,8
10,0,0,model2,3.5473729519,8
10,0,0,model19,0.064973229342,8
11,0,0,model3,0.0089533825426,8
11,0,0,model4,4.3815316119,8
11,0,0,model7,7.1611155078,8
11,0,0,model16,0.0058902814204,8
11,0,0,model9,1.1037941994,8
11,0,0,model15,0.21554312469,8
11,0,0,model2,3.5118992224,8
11,0,0,model19,0.064323497049,8
12,0,0,model3,0.0088638487172,8
12,0,0,model4,4.3537906558,8
12,0,0,model7,7.0895043528,8
12,0,0,model16,0.0058313786062,8
12,0,0,model9,1.0927562574,8
12,0,0,model15,0.21338769345,8
12,0,0,model2,3.4767802302,8
12,0,0,model19,0.063680262078,8
13,0,0,model3,0.00877521023,8
13,0,0,model4,4.326225337,8
13,0,0,model7,7.0186093092,8
13,0,0,model16,0.0057730648201,8
13,0,0,model9,1.0818286948,8
13,0,0,model15,0.21125381651,8
13,0,0,model2,3.4420124279,8
13,0,0,model19,0.063043459457,8
14,0,0,model3,0.0086874581277,8
14,0,0,model4,4.2988345436,8
14,0,0,model7,6.9484232161,8
14,0,0,model16,0.0057153341719,8
14,0,0,model9,1.0710104079,8
14,0,0,model15,0.20914127835,8
14,0,0,model2,3.4075923036,8
14,0,0,model19,0.062413024863,8
15,0,0,model3,0.0086005835464,8
15,0,0,model4,4.2716171705,8
15,0,0,model7,6.878938984,8
15,0,0,model16,0.0056581808302,8
15,0,0,model9,1.0603003038,8
15,0,0,model15,0.20704986556,8
15,0,0,model2,3.3735163806,8
15,0,0,model19,0.061788894614,8
16,0,0,model3,0.0085145777109,8
16,0,0,model4,4.2445721198,8
16,0,0,model7,6.8101495941,8
16,0,0,model16,0.0056015990219,8
16,0,0,model9,1.0496973008,8
16,0,0,model15,0.20497936691,8
16,0,0,model2,3.3397812168,8
16,0,0,model19,0.061171005668,8
17,0,0,model3,0.0084294319338,8
17,0,0,model4,4.2176983005,8
17,0,0,model7,6.7420480982,8
17,0,0,model16,0.0055455830317,8
17,0,0,model9,1.0392003278,8
17,0,0,model15,0.20292957324,8
17,0,0,model2,3.3063834046,8
17,0,0,model19,0.060559295611,8
18,0,0,model3,0.0083451376145,8
18,0,0,model4,4.1909946283,8
18,0,0,model7,6.6746276172,8
18,0,0,model16,0.0054901272014,8
18,0,0,model9,1.0288083245,8
18,0,0,model15,0.20090027751,8
18,0,0,model2,3.2733195706,8
18,0,0,model19,0.059953702655,8
19,0,0,model3,0.0082616862384,8
19,0,0,model4,4.1644600262,8
19,0,0,model7,6.607881341,8
19,0,0,model16,0.0054352259293,8
19,0,0,model9,1.0185202412,8
19,0,0,model15,0.19889127473,8
19,0,0,model2,3.2405863749,8
19,0,0,model19,0.059354165629,8
20,0,0,model3,0.008179069376,8
20,0,0,model4,4.1380934236,8
20,0,0,model7,6.5418025276,8
20,0,0,model16,0.0053808736701,8
20,0,0,model9,1.0083350388,8
20,0,0,model15,0.19690236198,8
20,0,0,model2,3.2081805111,8
20,0,0,model19,0.058760623972,8
21,0,0,model3,0.0080972786822,8
21,0,0,model4,4.1118937568,8
21,0,0,model7,6.4763845024,8
21,0,0,model16,0.0053270649334,8
21,0,0,model9,0.99825168844,8
21,0,0,model15,0.19493333836,8
21,0,0,model2,3.176098706,8
21,0,0,model19,0.058173017733,8
22,0,0,model3,0.0080163058954,8
22,0,0,model4,4.085859969,8
22,0,0,model7,6.4116206573,8
22,0,0,model16,0.005273794284,8
22,0,0,model9,0.98826917155,8
22,0,0,model15,0.19298400498,8
22,0,0,model2,3.1443377189,8
22,0,0,model19,0.057591287555,8
23,0,0,model3,0.0079361428364,8
23,0,0,model4,4.0599910098,8
23,0,0,model7,6.3475044508,8
23,0,0,model16,0.0052210563412,8
23,0,0,model9,0.97838647984,8
23,0,0,model15,0.19105416493,8
23,0,0,model2,3.1128943418,8
23,0,0,model19,0.05701537468,8
24,0,0,model3,0.0078567814081,8
24,0,0,model4,4.0342858358,8
24,0,0,model7,6.2840294062,8
24,0,0,model16,0.0051688457778,8
24,0,0,model9,0.96860261504,8
24,0,0,model15,0.18914362328,8
24,0,0,model2,3.0817653983,8
24,0,0,model19,0.056445220933,8
25,0,0,model3,0.007778213594,8
25,0,0,model4,4.0087434099,8
25,0,0,model7,6.2211891122,8
25,0,0,model16,0.00511715732,8
25,0,0,model9,0.95891658889,8
25,0,0,model15,0.18725218705,8
25,0,0,model2,3.0509477444,8
25,0,0,model19,0.055880768724,8
26,0,0,model3,0.0077004314581,8
26,0,0,model4,3.9833627018,8
26,0,0,model7,6.1589772211,8
26,0,0,model16,0.0050659857468,8
26,0,0,model9,0.949327423,8
26,0,0,model15,0.18537966518,8
26,0,0,model2,3.0204382669,8
26,0,0,model19,0.055321961036,8
27,0,0,model3,0.0076234271435,8
27,0,0,model4,3.9581426875,8
27,0,0,model7,6.0973874489,8
27,0,0,model16,0.0050153258893,8
27,0,0,model9,0.93983414877,8
27,0,0,model15,0.18352586853,8
27,0,0,model2,2.9902338842,8
27,0,0,model19,0.054768741426,8
28,0,0,model3,0.007547192872,8
28,0,0,model4,3.9330823496,8
28,0,0,model7,6.0364135744,8
28,0,0,model16,0.0049651726304,8
28,0,0,model9,0.93043580728,8
28,0,0,model15,0.18169060984,8
28,0,0,model2,2.9603315454,8
28,0,0,model19,0.054221054012,8
29,0,0,model3,0.0074717209433,8
29,0,0,model4,3.9081806771,8
29,0,0,model7,5.9760494386,8
29,0,0,model16,0.0049155209041,8
29,0,0,model9,0.92113144921,8
29,0,0,model15,0.17987370374,8
29,0,0,model2,2.9307282299,8
29,0,0,model19,0.053678843472,8
30,0,0,model3,0.0073970037339,8
30,0,0,model4,3.8834366656,8
30,0,0,model7,5.9162889442,8
30,0,0,model16,0.0048663656951,8
30,0,0,model9,0.91192013472,8
30,0,0,model15,0.17807496671,8
30,0,0,model2,2.9014209476,8
30,0,0,model19,0.053142055037,8
31,0,0,model3,0.0073230336965,8
31,0,0,model4,3.8588493168,8
31,0,0,model7,5.8571260548,8
31,0,0,model16,0.0048177020381,8
31,0,0,model9,0.90280093337,8
31,0,0,model15,0.17629421704,8
31,0,0,model2,2.8724067382,8
31,0,0,model19,0.052610634487,8
32,0,0,model3,0.0072498033596,8
32,0,0,model4,3.8344176387,8
32,0,0,model7,5.7985547942,8
32,0,0,model16,0.0047695250178,8
32,0,0,model9,0.89377292404,8
32,0,0,model15,0.17453127487,8
32,0,0,model2,2.8436826708,8
32,0,0,model19,0.052084528142,8
33,0,0,model3,0.007177305326,8
33,0,0,model4,3.8101406459,8
33,0,0,model7,5.7405692463,8
33,0,0,model16,0.0047218297676,8
33,0,0,model9,0.8848351948,8
33,0,0,model15,0.17278596212,8
33,0,0,model2,2.8152458441,8
33,0,0,model19,0.05156368286,8
34,0,0,model3,0.0071055322727,8
34,0,0,model4,3.7860173589,8
34,0,0,model7,5.6831635538,8
34,0,0,model16,0.0046746114699,8
34,0,0,model9,0.87598684285,8
34,0,0,model15,0.1710581025,8
34,0,0,model2,2.7870933856,8
34,0,0,model19,0.051048046032,8
35,0,0,model3,0.00703447695,8
35,0,0,model4,3.7620468046,8
35,0,0,model7,5.6263319183,8
35,0,0,model16,0.0046278653552,8
35,0,0,model9,0.86722697442,8
35,0,0,model15,0.16934752147,8
35,0,0,model2,2.7592224518,8
35,0,0,model19,0.050537565571,8
36,0,0,model3,0.0069641321805,8
36,0,0,model4,3.7382280159,8
36,0,0,model7,5.5700685991,8
36,0,0,model16,0.0045815867016,8
36,0,0,model9,0.85855470467,8
36,0,0,model15,0.16765404626,8
36,0,0,model2,2.7316302273,8
36,0,0,model19,0.050032189916,8
37,0,0,model3,0.0068944908587,8
37,0,0,model4,3.7145600321,8
37,0,0,model7,5.5143679131,8
37,0,0,model16,0.0045357708346,8
37,0,0,model9,0.84996915763,8
37,0,0,model15,0.1659775058,8
37,0,0,model2,2.704313925,8
37,0,0,model19,0.049531868016,8
38,0,0,model3,0.0068255459501,8
38,0,0,model4,3.6910418982,8
38,0,0,model7,5.459224234,8
38,0,0,model16,0.0044904131263,8
38,0,0,model9,0.84146946605,8
38,0,0,model15,0.16431773074,8
38,0,0,model2,2.6772707857,8
38,0,0,model19,0.049036549336,8
39,0,0,model3,0.0067572904906,8
39,0,0,model4,3.6676726656,8
39,0,0,model7,5.4046319917,8
39,0,0,model16,0.004445508995,8
39,0,0,model9,0.83305477139,8
39,0,0,model15,0.16267455343,8
39,0,0,model2,2.6504980779,8
39,0,0,model19,0.048546183843,8
40,0,0,model3,0.0066897175857,8
40,0,0,model4,3.6444513915,8
40,0,0,model7,5.3505856717,8
40,0,0,model16,0.0044010539051,8
40,0,0,model9,0.82472422368,8
40,0,0,model15,0.1610478079,8
40,0,0,model2,2.6239930971,8
40,0,0,model19,0.048060722004,8
0,0,0,model11,0.01,9
0,0,0,model4,3.6444513915,9
0,0,0,model7,5.3505856717,9
0,0,0,model16,0.0044010539051,9
0,0,0,model9,0.82472422368,9
0,0,0,model15,0.1610478079,9
0,0,0,model2,2.6239930971,9
0,0,0,model19,0.048060722004,9
0,0,0,model3,0.0066897175857,9
1,0,0,model11,0.0099,9
1,0,0,model4,3.6080068776,9
1,0,0,model7,5.297079815,9
1,0,0,model16,0.004357043366,9
1,0,0,model9,0.81647698144,9
1,0,0,model15,0.15943732982,9
1,0,0,model2,2.5977531661,9
1,0,0,model19,0.047580114784,9
1,0,0,model3,0.0066228204098,9
2,0,0,model11,0.009801,9
2,0,0,model4,3.5719268088,9
2,0,0,model7,5.2441090168,9
2,0,0,model16,0.0043134729324,9
2,0,0,model9,0.80831221163,9
2,0,0,model15,0.15784295652,9
2,0,0,model2,2.5717756345,9
2,0,0,model19,0.047104313636,9
2,0,0,model3,0.0065565922057,9
3,0,0,model11,0.00970299,9
3,0,0,model4,3.5362075407,9
3,0,0,model7,5.1916679267,9
3,0,0,model16,0.0042703382031,9
3,0,0,model9,0.80022908951,9
3,0,0,model15,0.15626452696,9
3,0,0,model2,2.5460578781,9
3,0,0,model19,0.0466332705,9
3,0,0,model3,0.0064910262837,9
4,0,0,model11,0.0096059601,9
4,0,0,model4,3.5008454653,9
4,0,0,model7,5.1397512474,9
4,0,0,model16,0.004227634821,9
4,0,0,model9,0.79222679862,9
4,0,0,model15,0.15470188169,9
4,0,0,model2,2.5205972993,9
4,0,0,model19,0.046166937795,9
4,0,0,model3,0.0064261160209,9
5,0,0,model11,0.009509900499,9
5,0,0,model4,3.4658370107,9
5,0,0,model7,5.0883537349,9
5,0,0,model16,0.0041853584728,9
5,0,0,model9,0.78430453063,9
5,0,0,model15,0.15315486287,9
5,0,0,model2,2.4953913263,9
5,0,0,model19,0.045705268417,9
5,0,0,model3,0.0063618548606,9
6,0,0,model11,0.009414801494,9
6,0,0,model4,3.4311786406,9
6,0,0,model7,5.0374701976,9
6,0,0,model16,0.0041435048881,9
6,0,0,model9,0.77646148532,9
6,0,0,model15,0.15162331424,9
6,0,0,model2,2.4704374131,9
6,0,0,model19,0.045248215733,9
6,0,0,model3,0.006298236312,9
7,0,0,model11,0.0093206534791,9
7,0,0,model4,3.3968668541,9
7,0,0,model7,4.9870954956,9
7,0,0,model16,0.0041020698392,9
7,0,0,model9,0.76869687047,9
7,0,0,model15,0.1501070811,9
7,0,0,model2,2.445733039,9
7,0,0,model19,0.044795733575,9
7,0,0,model3,0.0062352539489,9
8,0,0,model11,0.0092274469443,9
8,0,0,model4,3.3628981856,9
8,0,0,model7,4.9372245406,9
8,0,0,model16,0.0040610491408,9
8,0,0,model9,0.76100990177,9
8,0,0,model15,0.14860601029,9
8,0,0,model2,2.4212757086,9
8,0,0,model19,0.04434777624,9
8,0,0,model3,0.0061729014094,9
9,0,0,model11,0.0091351724748,9
9,0,0,model4,3.3292692038,9
9,0,0,model7,4.8878522952,9
9,0,0,model16,0.0040204386494,9
9,0,0,model9,0.75339980275,9
9,0,0,model15,0.14711995019,9
9,0,0,model2,2.3970629515,9
9,0,0,model19,0.043904298477,9
9,0,0,model3,0.0061111723953,9
10,0,0,model11,0.0090438207501,9
10,0,0,model4,3.2959765117,9
10,0,0,model7,4.8389737723,9
10,0,0,model16,0.0039802342629,9
10,0,0,model9,0.74586580472,9
10,0,0,model15,0.14564875068,9
10,0,0,model2,2.373092322,9
10,0,0,model19,0.043465255492,9
10,0,0,model3,0.0060500606714,9
11,0,0,model11,0.0089533825426,9
11,0,0,model4,3.2630167466,9
11,0,0,model7,4.7905840346,9
11,0,0,model16,0.0039404319203,9
11,0,0,model9,0.73840714667,9
11,0,0,model15,0.14419226318,9
11,0,0,model2,2.3493613987,9
11,0,0,model19,0.043030602937,9
11,0,0,model3,0.0059895600647,9
12,0,0,model11,0.0088638487172,9
12,0,0,model4,3.2303865791,9
12,0,0,model7,4.7426781942,9
12,0,0,model16,0.0039010276011,9
12,0,0,model9,0.73102307521,9
12,0,0,model15,0.14275034055,9
12,0,0,model2,2.3258677848,9
12,0,0,model19,0.042600296908,9
12,0,0,model3,0.005929664464,9
13,0,0,model11,0.00877521023,9
13,0,0,model4,3.1980827133,9
13,0,0,model7,4.6952514123,9
13,0,0,model16,0.0038620173251,9
13,0,0,model9,0.72371284446,9
13,0,0,model15,0.14132283714,9
13,0,0,model2,2.3026091069,9
13,0,0,model19,0.042174293939,9
13,0,0,model3,0.0058703678194,9
14,0,0,model11,0.0086874581277,9
14,0,0,model4,3.1661018862,9
14,0,0,model7,4.6482988982,9
14,0,0,model16,0.0038233971518,9
14,0,0,model9,0.71647571601,9
14,0,0,model15,0.13990960877,9
14,0,0,model2,2.2795830158,9
14,0,0,model19,0.041752551,9
14,0,0,model3,0.0058116641412,9
15,0,0,model11,0.0086005835464,9
15,0,0,model4,3.1344408673,9
15,0,0,model7,4.6018159092,9
15,0,0,model16,0.0037851631803,9
15,0,0,model9,0.70931095885,9
15,0,0,model15,0.13851051268,9
15,0,0,model2,2.2567871857,9
15,0,0,model19,0.04133502549,9
15,0,0,model3,0.0057535474998,9
16,0,0,model11,0.0085145777109,9
16,0,0,model4,3.1030964587,9
16,0,0,model7,4.5557977501,9
16,0,0,model16,0.0037473115485,9
16,0,0,model9,0.70221784926,9
16,0,0,model15,0.13712540755,9
16,0,0,model2,2.2342193138,9
16,0,0,model19,0.040921675235,9
16,0,0,model3,0.0056960120248,9
17,0,0,model11,0.0084294319338,9
17,0,0,model4,3.0720654941,9
17,0,0,model7,4.5102397726,9
17,0,0,model16,0.003709838433,9
17,0,0,model9,0.69519567077,9
17,0,0,model15,0.13575415348,9
17,0,0,model2,2.2118771207,9
17,0,0,model19,0.040512458482,9
17,0,0,model3,0.0056390519045,9
18,0,0,model11,0.0083451376145,9
18,0,0,model4,3.0413448391,9
18,0,0,model7,4.4651373749,9
18,0,0,model16,0.0036727400487,9
18,0,0,model9,0.68824371406,9
18,0,0,model15,0.13439661194,9
18,0,0,model2,2.1897583495,9
18,0,0,model19,0.040107333898,9
18,0,0,model3,0.0055826613855,9
19,0,0,model11,0.0082616862384,9
19,0,0,model4,3.0109313908,9
19,0,0,model7,4.4204860011,9
19,0,0,model16,0.0036360126482,9
19,0,0,model9,0.68136127692,9
19,0,0,model15,0.13305264582,9
19,0,0,model2,2.167860766,9
19,0,0,model19,0.039706260559,9
19,0,0,model3,0.0055268347716,9
20,0,0,model11,0.008179069376,9
20,0,0,model4,2.9808220768,9
20,0,0,model7,4.3762811411,9
20,0,0,model16,0.0035996525217,9
20,0,0,model9,0.67454766415,9
20,0,0,model15,0.13172211937,9
20,0,0,model2,2.1461821583,9
20,0,0,model19,0.039309197953,9
20,0,0,model3,0.0054715664239,9
21,0,0,model11,0.0080972786822,9
21,0,0,model4,2.9510138561,9
21,0,0,model7,4.3325183297,9
21,0,0,model16,0.0035636559965,9
21,0,0,model9,0.66780218751,9
21,0,0,model15,0.13040489817,9
21,0,0,model2,2.1247203367,9
21,0,0,model19,0.038916105973,9
21,0,0,model3,0.0054168507597,9
22,0,0,model11,0.0080163058954,9
22,0,0,model4,2.9215037175,9
22,0,0,model7,4.2891931464,9
22,0,0,model16,0.0035280194365,9
22,0,0,model9,0.66112416564,9
22,0,0,model15,0.12910084919,9
22,0,0,model2,2.1034731334,9
22,0,0,model19,0.038526944914,9
22,0,0,model3,0.0053626822521,9
23,0,0,model11,0.0079361428364,9
23,0,0,model4,2.8922886803,9
23,0,0,model7,4.2463012149,9
23,0,0,model16,0.0034927392422,9
23,0,0,model9,0.65451292398,9
23,0,0,model15,0.1278098407,9
23,0,0,model2,2.082438402,9
23,0,0,model19,0.038141675465,9
23,0,0,model3,0.0053090554296,9
24,0,0,model11,0.0078567814081,9
24,0,0,model4,2.8633657935,9
24,0,0,model7,4.2038382028,9
24,0,0,model16,0.0034578118498,9
24,0,0,model9,0.64796779474,9
24,0,0,model15,0.12653174229,9
24,0,0,model2,2.061614018,9
24,0,0,model19,0.03776025871,9
24,0,0,model3,0.0052559648753,9
25,0,0,model11,0.007778213594,9
25,0,0,model4,2.8347321356,9
25,0,0,model7,4.1617998207,9
25,0,0,model16,0.0034232337313,9
25,0,0,model9,0.64148811679,9
25,0,0,model15,0.12526642487,9
25,0,0,model2,2.0409978778,9
25,0,0,model19,0.037382656123,9
25,0,0,model3,0.0052034052265,9
26,0,0,model11,0.0077004314581,9
26,0,0,model4,2.8063848142,9
26,0,0,model7,4.1201818225,9
26,0,0,model16,0.0033890013939,9
26,0,0,model9,0.63507323562,9
26,0,0,model15,0.12401376062,9
26,0,0,model2,2.0205878991,9
26,0,0,model19,0.037008829562,9
26,0,0,model3,0.0051513711742,9
27,0,0,model11,0.0076234271435,9
27,0,0,model4,2.7783209661,9
27,0,0,model7,4.0789800043,9
27,0,0,model16,0.00335511138,9
27,0,0,model9,0.62872250327,9
27,0,0,model15,0.12277362301,9
27,0,0,model2,2.0003820201,9
27,0,0,model19,0.036638741266,9
27,0,0,model3,0.0050998574625,9
28,0,0,model11,0.007547192872,9
28,0,0,model4,2.7505377564,9
28,0,0,model7,4.0381902043,9
28,0,0,model16,0.0033215602662,9
28,0,0,model9,0.62243527824,9
28,0,0,model15,0.12154588678,9
28,0,0,model2,1.9803781999,9
28,0,0,model19,0.036272353853,9
28,0,0,model3,0.0050488588879,9
29,0,0,model11,0.0074717209433,9
29,0,0,model4,2.7230323789,9
29,0,0,model7,3.9978083022,9
29,0,0,model16,0.0032883446635,9
29,0,0,model9,0.61621092545,9
29,0,0,model15,0.12033042792,9
29,0,0,model2,1.9605744179,9
29,0,0,model19,0.035909630315,9
29,0,0,model3,0.004998370299,9
30,0,0,model11,0.0073970037339,9
30,0,0,model4,2.6958020551,9
30,0,0,model7,3.9578302192,9
30,0,0,model16,0.0032554612169,9
30,0,0,model9,0.6100488162,9
30,0,0,model15,0.11912712364,9
30,0,0,model2,1.9409686737,9
30,0,0,model19,0.035550534012,9
30,0,0,model3,0.004948386596,9
31,0,0,model11,0.0073230336965,9
31,0,0,model4,2.6688440345,9
31,0,0,model7,3.918251917,9
31,0,0,model16,0.0032229066047,9
31,0,0,model9,0.60394832804,9
31,0,0,model15,0.1179358524,9
31,0,0,model2,1.921558987,9
31,0,0,model19,0.035195028672,9
31,0,0,model3,0.00489890273,9
32,0,0,model11,0.0072498033596,9
32,0,0,model4,2.6421555942,9
32,0,0,model7,3.8790693978,9
32,0,0,model16,0.0031906775387,9
32,0,0,model9,0.59790884476,9
32,0,0,model15,0.11675649388,9
32,0,0,model2,1.9023433971,9
32,0,0,model19,0.034843078385,9
32,0,0,model3,0.0048499137027,9
33,0,0,model11,0.007177305326,9
33,0,0,model4,2.6157340382,9
33,0,0,model7,3.8402787039,9
33,0,0,model16,0.0031587707633,9
33,0,0,model9,0.59192975631,9
33,0,0,model15,0.11558892894,9
33,0,0,model2,1.8833199631,9
33,0,0,model19,0.034494647601,9
33,0,0,model3,0.0048014145657,9
34,0,0,model11,0.0071055322727,9
34,0,0,model4,2.5895766979,9
34,0,0,model7,3.8018759168,9
34,0,0,model16,0.0031271830557,9
34,0,0,model9,0.58601045875,9
34,0,0,model15,0.11443303965,9
34,0,0,model2,1.8644867635,9
34,0,0,model19,0.034149701125,9
34,0,0,model3,0.0047534004201,9
35,0,0,model11,0.00703447695,9
35,0,0,model4,2.5636809309,9
35,0,0,model7,3.7638571577,9
35,0,0,model16,0.0030959112251,9
35,0,0,model9,0.58015035416,9
35,0,0,model15,0.11328870925,9
35,0,0,model2,1.8458418958,9
35,0,0,model19,0.033808204114,9
35,0,0,model3,0.0047058664159,9
36,0,0,model11,0.0069641321805,9
36,0,0,model4,2.5380441216,9
36,0,0,model7,3.7262185861,9
36,0,0,model16,0.0030649521129,9
36,0,0,model9,0.57434885062,9
36,0,0,model15,0.11215582216,9
36,0,0,model2,1.8273834769,9
36,0,0,model19,0.033470122073,9
36,0,0,model3,0.0046588077517,9
37,0,0,model11,0.0068944908587,9
37,0,0,model4,2.5126636804,9
37,0,0,model7,3.6889564002,9
37,0,0,model16,0.0030343025917,9
37,0,0,model9,0.56860536211,9
37,0,0,model15,0.11103426394,9
37,0,0,model2,1.8091096421,9
37,0,0,model19,0.033135420852,9
37,0,0,model3,0.0046122196742,9
38,0,0,model11,0.0068255459501,9
38,0,0,model4,2.4875370436,9
38,0,0,model7,3.6520668362,9
38,0,0,model16,0.0030039595658,9
38,0,0,model9,0.56291930849,9
38,0,0,model15,0.1099239213,9
38,0,0,model2,1.7910185457,9
38,0,0,model19,0.032804066643,9
38,0,0,model3,0.0045660974774,9
39,0,0,model11,0.0067572904906,9
39,0,0,model4,2.4626616731,9
39,0,0,model7,3.6155461679,9
39,0,0,model16,0.0029739199702,9
39,0,0,model9,0.5572901154,9
39,0,0,model15,0.10882468209,9
39,0,0,model2,1.7731083602,9
39,0,0,model19,0.032476025977,9
39,0,0,model3,0.0045204365027,9
40,0,0,model11,0.0066897175857,9
40,0,0,model4,2.4380350564,9
40,0,0,model7,3.5793907062,9
40,0,0,model16,0.0029441807705,9
40,0,0,model9,0.55171721425,9
40,0,0,model15,0.10773643526,9
40,0,0,model2,1.7553772766,9
40,0,0,model19,0.032151265717,9
40,0,0,model3,0.0044752321376,9
0,0,0,model14,0.01,10
0,0,0,model4,2.4380350564,10
0,0,0,model7,3.5793907062,10
0,0,0,model16,0.0029441807705,10
0,0,0,model9,0.55171721425,10
0,0,0,model15,0.10773643526,10
0,0,0,model2,1.7553772766,10
0,0,0,model19,0.032151265717,10
0,0,0,model3,0.0044752321376,10
0,0,0,model11,0.0066897175857,10
1,0,0,model14,0.0099231622809,10
1,0,0,model4,4.8246291489,10
1,0,0,model7,3.5436561893,10
1,0,0,model16,0.0029741291005,10
1,0,0,model9,0.54622359085,10
1,0,0,model15,0.10668261965,10
1,0,0,model2,4.7589019293,10
1,0,0,model19,0.031889143198,10
1,0,0,model3,0.012144685617,10
1,0,0,model11,0.011729591922,10
2,0,0,model14,0.0098239306581,10
2,0,0,model4,4.7919815034,10
2,0,0,model7,4.8049797342,10
2,0,0,model16,0.0029443878095,10
2,0,0,model9,0.54076135494,10
2,0,0,model15,0.10561579345,10
2,0,0,model2,4.71131291,10
2,0,0,model19,0.031570251766,10
2,0,0,model3,0.012023238761,10
2,0,0,model11,0.011612296003,10
3,0,0,model14,0.0097256913515,10
3,0,0,model4,4.7595547803,10
3,0,0,model7,4.7571395048,10
3,0,0,model16,0.0029149439314,10
3,0,0,model9,0.53535374139,10
3,0,0,model15,0.10455963552,10
3,0,0,model2,4.6641997809,10
3,0,0,model19,0.031254549248,10
3,0,0,model3,0.011903006373,10
3,0,0,model11,0.011496173043,10
4,0,0,model14,0.009628434438,10
4,0,0,model4,4.7273474846,10
4,0,0,model7,4.7097776778,10
4,0,0,model16,0.0028857944921,10
4,0,0,model9,0.53000020398,10
4,0,0,model15,0.10351403917,10
4,0,0,model2,4.6175577831,10
4,0,0,model19,0.030942003755,10
4,0,0,model3,0.011783976309,10
4,0,0,model11,0.011381211312,10
5,0,0,model14,0.0095321500936,10
5,0,0,model4,4.6953581316,10
5,0,0,model7,4.662889469,10
5,0,0,model16,0.0028569365472,10
5,0,0,model9,0.52470020194,10
5,0,0,model15,0.10247889877,10
5,0,0,model2,4.5713822052,10
5,0,0,model19,0.030632583718,10
5,0,0,model3,0.011666136546,10
5,0,0,model11,0.011267399199,10
6,0,0,model14,0.0094368285927,10
6,0,0,model4,4.6635852465,10
6,0,0,model7,4.6164177503,10
6,0,0,model16,0.0028283671817,10
6,0,0,model9,0.51945319992,10
6,0,0,model15,0.10145410979,10
6,0,0,model2,4.5256683832,10
6,0,0,model19,0.030326257881,10
6,0,0,model3,0.011549475181,10
6,0,0,model11,0.011154725207,10
7,0,0,model14,0.0093424603067,10
7,0,0,model4,4.6320273643,10
7,0,0,model7,4.5704631408,10
7,0,0,model16,0.0028000835099,10
7,0,0,model9,0.51425866792,10
7,0,0,model15,0.10043956869,10
7,0,0,model2,4.4804116993,10
7,0,0,model19,0.030022995302,10
7,0,0,model3,0.011433980429,10
7,0,0,model11,0.011043177955,10
8,0,0,model14,0.0092490357037,10
8,0,0,model4,4.6006830303,10
8,0,0,model7,4.5253872133,10
8,0,0,model16,0.0027720826748,10
8,0,0,model9,0.50911608124,10
8,0,0,model15,0.099435173001,10
8,0,0,model2,4.4356075823,10
8,0,0,model19,0.029722765349,10
8,0,0,model3,0.011319640625,10
8,0,0,model11,0.010932746175,10
9,0,0,model14,0.0091565453466,10
9,0,0,model4,4.5695507994,10
9,0,0,model7,4.4802905172,10
9,0,0,model16,0.0027443618481,10
9,0,0,model9,0.50402492043,10
9,0,0,model15,0.098440821271,10
9,0,0,model2,4.3912515065,10
9,0,0,model19,0.029425537695,10
9,0,0,model3,0.011206444218,10
9,0,0,model11,0.010823418714,10
10,0,0,model14,0.0090649798932,10
10,0,0,model4,4.5386292363,10
10,0,0,model7,4.43569718,10
10,0,0,model16,0.0027169182296,10
10,0,0,model9,0.49898467123,10
10,0,0,model15,0.097456413058,10
10,0,0,model2,4.3473389915,10
10,0,0,model19,0.029131282318,10
10,0,0,model3,0.011094379776,10
10,0,0,model11,0.010715184527,10
11,0,0,model14,0.0089743300942,10
11,0,0,model4,4.5079169154,10
11,0,0,model7,4.3915497762,10
11,0,0,model16,0.0026897490473,10
11,0,0,model9,0.49399482451,10
11,0,0,model15,0.096481848928,10
11,0,0,model2,4.3038656015,10
11,0,0,model19,0.028839969495,10
11,0,0,model3,0.010983435979,10
11,0,0,model11,0.010608032681,10
12,0,0,model14,0.0088845867933,10
12,0,0,model4,4.4774124209,10
12,0,0,model7,4.3478438464,10
12,0,0,model16,0.0026628515568,10
12,0,0,model9,0.48905487627,10
12,0,0,model15,0.095517030438,10
12,0,0,model2,4.2608269455,10
12,0,0,model19,0.0285515698,10
12,0,0,model3,0.010873601619,10
12,0,0,model11,0.010501952354,10
13,0,0,model14,0.0087957409254,10
13,0,0,model4,4.4471143463,10
13,0,0,model7,4.3045749759,10
13,0,0,model16,0.0026362230412,10
13,0,0,model9,0.48416432751,10
13,0,0,model15,0.094561860134,10
13,0,0,model2,4.2182186761,10
13,0,0,model19,0.028266054102,10
13,0,0,model3,0.010764865603,10
13,0,0,model11,0.010396932831,10
14,0,0,model14,0.0087077835161,10
14,0,0,model4,4.417021295,10
14,0,0,model7,4.2617387942,10
14,0,0,model16,0.0026098608108,10
14,0,0,model9,0.47932268423,10
14,0,0,model15,0.093616241533,10
14,0,0,model2,4.1760364893,10
14,0,0,model19,0.027983393561,10
14,0,0,model3,0.010657216947,10
14,0,0,model11,0.010292963503,10
15,0,0,model14,0.0086207056809,10
15,0,0,model4,4.3871318794,10
15,0,0,model7,4.2193309742,10
15,0,0,model16,0.0025837622027,10
15,0,0,model9,0.47452945739,10
15,0,0,model15,0.092680079117,10
15,0,0,model2,4.1342761244,10
15,0,0,model19,0.027703559626,10
15,0,0,model3,0.010550644777,10
15,0,0,model11,0.010190033868,10
16,0,0,model14,0.0085344986241,10
16,0,0,model4,4.3574447217,10
16,0,0,model7,4.1773472325,10
16,0,0,model16,0.0025579245807,10
16,0,0,model9,0.46978416281,10
16,0,0,model15,0.091753278326,10
16,0,0,model2,4.0929333632,10
16,0,0,model19,0.027426524029,10
16,0,0,model3,0.010445138329,10
16,0,0,model11,0.010088133529,10
17,0,0,model14,0.0084491536379,10
17,0,0,model4,4.3279584531,10
17,0,0,model7,4.1362024641,10
17,0,0,model16,0.0025323453349,10
17,0,0,model9,0.46508632119,10
17,0,0,model15,0.090835745543,10
17,0,0,model2,4.0520040295,10
17,0,0,model19,0.027152258789,10
17,0,0,model3,0.010340686946,10
17,0,0,model11,0.0099872521936,10
18,0,0,model14,0.0083646621015,10
18,0,0,model4,4.2986717144,10
18,0,0,model7,4.0954691434,10
18,0,0,model16,0.0025070218815,10
18,0,0,model9,0.46043545797,10
18,0,0,model15,0.089927388088,10
18,0,0,model2,4.0114839892,10
18,0,0,model19,0.026880736201,10
18,0,0,model3,0.010237280077,10
18,0,0,model11,0.0098873796717,10
19,0,0,model14,0.0082810154805,10
19,0,0,model4,4.2695831552,10
19,0,0,model7,4.055143156,10
19,0,0,model16,0.0024819516627,10
19,0,0,model9,0.45583110339,10
19,0,0,model15,0.089028114207,10
19,0,0,model2,3.9713691494,10
19,0,0,model19,0.026611928839,10
19,0,0,model3,0.010134907276,10
19,0,0,model11,0.009788505875,10
20,0,0,model14,0.0081982053257,10
20,0,0,model4,4.2406914346,10
20,0,0,model7,4.0152204284,10
20,0,0,model16,0.0024571321461,10
20,0,0,model9,0.45127279236,10
20,0,0,model15,0.088137833065,10
20,0,0,model2,3.9316554579,10
20,0,0,model19,0.026345809551,10
20,0,0,model3,0.010033558203,10
20,0,0,model11,0.0096906208162,10
21,0,0,model14,0.0081162232724,10
21,0,0,model4,4.2119952206,10
21,0,0,model7,3.9756969281,10
21,0,0,model16,0.0024325608246,10
21,0,0,model9,0.44676006444,10
21,0,0,model15,0.087256454734,10
21,0,0,model2,3.8923389033,10
21,0,0,model19,0.026082351455,10
21,0,0,model3,0.009933222621,10
21,0,0,model11,0.0095937146081,10
22,0,0,model14,0.0080350610397,10
22,0,0,model4,4.1834931901,10
22,0,0,model7,3.9365686628,10
22,0,0,model16,0.0024082352164,10
22,0,0,model9,0.44229246379,10
22,0,0,model15,0.086383890187,10
22,0,0,model2,3.8534155142,10
22,0,0,model19,0.025821527941,10
22,0,0,model3,0.0098338903948,10
22,0,0,model11,0.009497777462,10
23,0,0,model14,0.0079547104293,10
23,0,0,model4,4.1551840292,10
23,0,0,model7,3.8978316801,10
23,0,0,model16,0.0023841528642,10
23,0,0,model9,0.43786953915,10
23,0,0,model15,0.085520051285,10
23,0,0,model2,3.8148813591,10
23,0,0,model19,0.025563312661,10
23,0,0,model3,0.0097355514908,10
23,0,0,model11,0.0094027996874,10
24,0,0,model14,0.007875163325,10
24,0,0,model4,4.1270664328,10
24,0,0,model7,3.8594820673,10
24,0,0,model16,0.0023603113356,10
24,0,0,model9,0.43349084376,10
24,0,0,model15,0.084664850772,10
24,0,0,model2,3.7767325455,10
24,0,0,model19,0.025307679535,10
24,0,0,model3,0.0096381959759,10
24,0,0,model11,0.0093087716905,10
25,0,0,model14,0.0077964116918,10
25,0,0,model4,4.0991391046,10
25,0,0,model7,3.8215159506,10
25,0,0,model16,0.0023367082222,10
25,0,0,model9,0.42915593533,10
25,0,0,model15,0.083818202264,10
25,0,0,model2,3.7389652201,10
25,0,0,model19,0.025054602739,10
25,0,0,model3,0.0095418140161,10
25,0,0,model11,0.0092156839736,10
26,0,0,model14,0.0077184475749,10
26,0,0,model4,4.0714007569,10
26,0,0,model7,3.783929495,10
26,0,0,model16,0.00231334114,10
26,0,0,model9,0.42486437597,10
26,0,0,model15,0.082980020242,10
26,0,0,model2,3.7015755679,10
26,0,0,model19,0.024804056712,10
26,0,0,model3,0.009446395876,10
26,0,0,model11,0.0091235271338,10
27,0,0,model14,0.0076412630991,10
27,0,0,model4,4.0438501112,10
27,0,0,model7,3.7467189041,10
27,0,0,model16,0.0022902077286,10
27,0,0,model9,0.42061573221,10
27,0,0,model15,0.082150220039,10
27,0,0,model2,3.6645598122,10
27,0,0,model19,0.024556016145,10
27,0,0,model3,0.0093519319172,10
27,0,0,model11,0.0090322918625,10
28,0,0,model14,0.0075648504681,10
28,0,0,model4,4.016485897,10
28,0,0,model7,3.709880419,10
28,0,0,model16,0.0022673056513,10
28,0,0,model9,0.41640957489,10
28,0,0,model15,0.081328717839,10
28,0,0,model2,3.6279142141,10
28,0,0,model19,0.024310455983,10
28,0,0,model3,0.0092584125981,10
28,0,0,model11,0.0089419689439,10
29,0,0,model14,0.0074892019634,10
29,0,0,model4,3.9893068531,10
29,0,0,model7,3.6734103188,10
29,0,0,model16,0.0022446325948,10
29,0,0,model9,0.41224547914,10
29,0,0,model15,0.08051543066,10
29,0,0,model2,3.5916350719,10
29,0,0,model19,0.024067351424,10
29,0,0,model3,0.0091658284721,10
29,0,0,model11,0.0088525492544,10
30,0,0,model14,0.0074143099438,10
30,0,0,model4,3.9623117262,10
30,0,0,model7,3.6373049196,10
30,0,0,model16,0.0022221862689,10
30,0,0,model9,0.40812302435,10
30,0,0,model15,0.079710276354,10
30,0,0,model2,3.5557187212,10
30,0,0,model19,0.023826677909,10
30,0,0,model3,0.0090741701874,10
30,0,0,model11,0.0087640237619,10
31,0,0,model14,0.0073401668444,10
31,0,0,model4,3.9354992718,10
31,0,0,model7,3.6015605743,10
31,0,0,model16,0.0021999644062,10
31,0,0,model9,0.40404179411,10
31,0,0,model15,0.07891317359,10
31,0,0,model2,3.520161534,10
31,0,0,model19,0.02358841113,10
31,0,0,model3,0.0089834284855,10
31,0,0,model11,0.0086763835243,10
32,0,0,model14,0.0072667651759,10
32,0,0,model4,3.9088682539,10
32,0,0,model7,3.5661736726,10
32,0,0,model16,0.0021779647621,10
32,0,0,model9,0.40000137617,10
32,0,0,model15,0.078124041854,10
32,0,0,model2,3.4849599186,10
32,0,0,model19,0.023352527019,10
32,0,0,model3,0.0088935942006,10
32,0,0,model11,0.008589619689,10
33,0,0,model14,0.0071940975242,10
33,0,0,model4,3.8824174447,10
33,0,0,model7,3.5311406398,10
33,0,0,model16,0.0021561851145,10
33,0,0,model9,0.3960013624,10
33,0,0,model15,0.077342801436,10
33,0,0,model2,3.4501103195,10
33,0,0,model19,0.023119001749,10
33,0,0,model3,0.0088046582586,10
33,0,0,model11,0.0085037234921,10
34,0,0,model14,0.0071221565489,10
34,0,0,model4,3.8561456247,10
34,0,0,model7,3.4964579374,10
34,0,0,model16,0.0021346232633,10
34,0,0,model9,0.39204134878,10
34,0,0,model15,0.076569373421,10
34,0,0,model2,3.4156092163,10
34,0,0,model19,0.022887811731,10
34,0,0,model3,0.008716611676,10
34,0,0,model11,0.0084186862572,10
35,0,0,model14,0.0070509349834,10
35,0,0,model4,3.8300515828,10
35,0,0,model7,3.462122062,10
35,0,0,model16,0.0021132770307,10
35,0,0,model9,0.38812093529,10
35,0,0,model15,0.075803679687,10
35,0,0,model2,3.3814531241,10
35,0,0,model19,0.022658933614,10
35,0,0,model3,0.0086294455593,10
35,0,0,model11,0.0083344993947,10
36,0,0,model14,0.0069804256336,10
36,0,0,model4,3.8041341158,10
36,0,0,model7,3.4281295453,10
36,0,0,model16,0.0020921442604,10
36,0,0,model9,0.38423972594,10
36,0,0,model15,0.07504564289,10
36,0,0,model2,3.3476385929,10
36,0,0,model19,0.022432344278,10
36,0,0,model3,0.0085431511037,10
36,0,0,model11,0.0082511544007,10
37,0,0,model14,0.0069106213773,10
37,0,0,model4,3.7783920291,10
37,0,0,model7,3.3944769538,10
37,0,0,model16,0.0020712228178,10
37,0,0,model9,0.38039732868,10
37,0,0,model15,0.074295186461,10
37,0,0,model2,3.3141622069,10
37,0,0,model19,0.022208020835,10
37,0,0,model3,0.0084577195926,10
37,0,0,model11,0.0081686428567,10
38,0,0,model14,0.0068415151635,10
38,0,0,model4,3.7528241357,10
38,0,0,model7,3.3611608883,10
38,0,0,model16,0.0020505105896,10
38,0,0,model9,0.37659335539,10
38,0,0,model15,0.073552234597,10
38,0,0,model2,3.2810205849,10
38,0,0,model19,0.021985940627,10
38,0,0,model3,0.0083731423967,10
38,0,0,model11,0.0080869564281,10
39,0,0,model14,0.0067731000118,10
39,0,0,model4,3.727429257,10
39,0,0,model7,3.3281779833,10
39,0,0,model16,0.0020300054837,10
39,0,0,model9,0.37282742184,10
39,0,0,model15,0.072816712251,10
39,0,0,model2,3.248210379,10
39,0,0,model19,0.02176608122,10
39,0,0,model3,0.0082894109727,10
39,0,0,model11,0.0080060868639,10
40,0,0,model14,0.0067053690117,10
40,0,0,model4,3.7022062221,10
40,0,0,model7,3.2955249075,10
40,0,0,model16,0.0020097054289,10
40,0,0,model9,0.36909914762,10
40,0,0,model15,0.072088545128,10
40,0,0,model2,3.2157282752,10
40,0,0,model19,0.021548420408,10
40,0,0,model3,0.008206516863,10
40,0,0,model11,0.0079260259952,10
